id1;id2;start1;end1;start2;end2;E
b0001;Ec_sgrS;147;168;47;65;-5.21
b0007;Ec_sgrS;150;172;52;76;-1.91
b0008;Ec_sgrS;231;237;62;68;-2.6
b0011;Ec_sgrS;28;34;21;27;-2.35
b0013;Ec_sgrS;166;172;8;14;-7.97
b0014;Ec_sgrS;157;174;42;59;-8.73
b0015;Ec_sgrS;74;99;30;54;-1.32
b4412;Ec_sgrS;151;157;45;51;-5.88
b0018;Ec_sgrS;208;214;45;51;-5.98
b0019;Ec_sgrS;131;138;67;74;-0.96
b0021;Ec_sgrS;138;152;55;69;-7.61
b0023;Ec_sgrS;271;294;24;54;-5.37
b0024;Ec_sgrS;53;59;22;28;-2.21
b0029;Ec_sgrS;14;24;35;45;-11.24
b0031;Ec_sgrS;201;212;40;51;-8.53
b0034;Ec_sgrS;268;277;71;80;-5.28
b0035;Ec_sgrS;258;267;4;13;-6.26
b0036;Ec_sgrS;278;284;40;46;-4.39
b0041;Ec_sgrS;105;111;70;76;-2.5
b0047;Ec_sgrS;113;119;2;8;-5.68
b0049;Ec_sgrS;132;145;23;39;-5.51
b0051;Ec_sgrS;252;258;25;31;-5.68
b0052;Ec_sgrS;153;160;38;45;-4.51
b0054;Ec_sgrS;230;261;29;52;-5.3
b4659;Ec_sgrS;154;160;21;27;-1.69
b0059;Ec_sgrS;206;228;44;71;-3.95
b0060;Ec_sgrS;167;173;55;61;-5.42
b0061;Ec_sgrS;191;209;21;40;-6.05
b0062;Ec_sgrS;7;13;7;13;-7.42
b0063;Ec_sgrS;83;89;48;54;-7.07
b0064;Ec_sgrS;148;154;40;46;-3.32
b0066;Ec_sgrS;29;36;69;76;-1.38
b0068;Ec_sgrS;206;212;101;107;-0.04
b0069;Ec_sgrS;1;13;1;13;-16.54
b4662;Ec_sgrS;162;168;30;36;-1.73
b0071;Ec_sgrS;274;280;8;14;-7.43
b0074;Ec_sgrS;198;224;25;51;-14.84
b0076;Ec_sgrS;252;277;27;56;-3.5
b0078;Ec_sgrS;138;144;39;45;-3.37
b0080;Ec_sgrS;201;251;2;54;-9.6
b0081;Ec_sgrS;151;170;15;29;-3.02
b0083;Ec_sgrS;114;124;30;40;-5.49
b0084;Ec_sgrS;219;257;26;59;-4.63
b0086;Ec_sgrS;186;198;70;83;-9.51
b0088;Ec_sgrS;25;34;6;15;-7.28
b0089;Ec_sgrS;286;292;71;77;-4.99
b0090;Ec_sgrS;132;139;41;48;-2.65
b0094;Ec_sgrS;165;199;29;60;-11.74
b0095;Ec_sgrS;281;291;41;51;-10.43
b0096;Ec_sgrS;81;106;18;43;-4.57
b0101;Ec_sgrS;221;227;17;23;-2.23
b0103;Ec_sgrS;174;180;42;48;-2.14
b0108;Ec_sgrS;49;56;25;32;-5.81
b0109;Ec_sgrS;39;45;9;15;-4.64
b0112;Ec_sgrS;129;144;17;32;-7.83
b0113;Ec_sgrS;176;182;33;39;-3.3
b0114;Ec_sgrS;40;46;69;75;-0.33
b0115;Ec_sgrS;138;171;29;66;-14.62
b0116;Ec_sgrS;197;203;42;48;-0.93
b0119;Ec_sgrS;1;12;65;76;-4.22
b0120;Ec_sgrS;215;221;1;7;-4.83
b0121;Ec_sgrS;208;216;99;107;-0.84
b0122;Ec_sgrS;212;219;21;28;-2.59
b0124;Ec_sgrS;135;143;45;53;-9.15
b0123;Ec_sgrS;211;256;26;75;-6.31
b0127;Ec_sgrS;289;299;68;78;-7.5
b0128;Ec_sgrS;192;208;40;55;-12.19
b0130;Ec_sgrS;91;97;101;107;-0.2
b0133;Ec_sgrS;33;41;40;48;-4.51
b0134;Ec_sgrS;144;150;60;66;-2.85
b0136;Ec_sgrS;204;214;2;13;-8.59
b0135;Ec_sgrS;292;298;38;44;-4.4
b0137;Ec_sgrS;116;136;34;54;-9.85
b0139;Ec_sgrS;257;286;23;52;-2.91
b0140;Ec_sgrS;83;96;55;68;-9.49
b0143;Ec_sgrS;57;63;51;57;-5.27
b0145;Ec_sgrS;80;86;47;53;-3.52
b0150;Ec_sgrS;30;36;7;13;-6.41
b0151;Ec_sgrS;201;207;38;44;-2.91
b0153;Ec_sgrS;211;218;16;23;-2.02
b0155;Ec_sgrS;40;55;46;62;-10.16
b0157;Ec_sgrS;271;277;16;22;-2.39
b0160;Ec_sgrS;89;115;25;57;-7.47
b0162;Ec_sgrS;268;278;56;67;-3.99
b0161;Ec_sgrS;204;210;101;107;-0.19
b0168;Ec_sgrS;25;33;59;67;-6.38
b0170;Ec_sgrS;257;271;35;48;-3.6
b0169;Ec_sgrS;165;184;24;40;-5.23
b0171;Ec_sgrS;287;293;40;46;-3.3
b0173;Ec_sgrS;96;103;39;46;-1.99
b0179;Ec_sgrS;122;128;40;46;-3.37
b0181;Ec_sgrS;271;277;46;52;-3.39
b0183;Ec_sgrS;135;141;1;7;-3.69
b0186;Ec_sgrS;193;204;44;55;-9.01
b0191;Ec_sgrS;207;218;61;75;-0.7
b0190;Ec_sgrS;72;78;32;38;-2.45
b0192;Ec_sgrS;67;75;99;107;-0.92
b0194;Ec_sgrS;212;218;58;64;-3.18
b0195;Ec_sgrS;114;120;1;7;-4.21
b0199;Ec_sgrS;208;214;25;31;-5.37
b0198;Ec_sgrS;6;23;3;17;-9.25
b0209;Ec_sgrS;192;198;30;36;-2.17
b0208;Ec_sgrS;79;88;60;69;-4.93
b0211;Ec_sgrS;196;210;35;52;-10.33
b0215;Ec_sgrS;206;212;2;8;-4.42
b0214;Ec_sgrS;34;44;55;66;-7.93
b0219;Ec_sgrS;280;291;23;34;-1.76
b0222;Ec_sgrS;114;166;1;54;-7.2
b0223;Ec_sgrS;207;213;17;23;-1.81
b0225;Ec_sgrS;220;228;54;62;-9.15
b0227;Ec_sgrS;144;170;2;27;-6.62
b0228;Ec_sgrS;276;282;26;32;-0.75
b0229;Ec_sgrS;211;218;26;33;-2.53
b0231;Ec_sgrS;39;59;45;65;-3.53
b0236;Ec_sgrS;116;125;63;73;-5.39
b0237;Ec_sgrS;32;48;44;59;-8.53
b0238;Ec_sgrS;198;206;41;50;-5.06
b0241;Ec_sgrS;134;140;25;31;-3.56
b0243;Ec_sgrS;19;33;3;15;-7.18
b0245;Ec_sgrS;76;89;1;13;-11.37
b0246;Ec_sgrS;71;77;63;69;-3.53
b0250;Ec_sgrS;2;8;38;44;-4.75
b0251;Ec_sgrS;192;198;101;107;-0.33
b4628;Ec_sgrS;159;187;24;53;-12.99
b0254;Ec_sgrS;175;181;8;14;-6.58
b4587;Ec_sgrS;279;288;36;45;-4.74
b0256;Ec_sgrS;35;41;61;67;-5.35
b0259;Ec_sgrS;53;74;29;54;-9.68
b0260;Ec_sgrS;148;154;87;93;-0.09
b0261;Ec_sgrS;107;115;16;24;-3.56
b0264;Ec_sgrS;138;152;55;69;-7.69
b4708;Ec_sgrS;259;271;44;61;-8.21
b4505;Ec_sgrS;57;68;48;59;-7.31
b0266;Ec_sgrS;244;293;1;53;-10.35
b0271;Ec_sgrS;214;225;55;67;-9.24
b0272;Ec_sgrS;146;152;8;14;-6.58
b0273;Ec_sgrS;76;82;47;53;-7.42
b4688;Ec_sgrS;34;52;21;36;-2.66
b0274;Ec_sgrS;138;152;55;69;-7.69
b0278;Ec_sgrS;146;156;55;65;-6.25
b0279;Ec_sgrS;277;283;49;55;-7.1
b0281;Ec_sgrS;222;238;49;69;-10.33
b4694;Ec_sgrS;272;278;25;31;-4.84
b0283;Ec_sgrS;5;15;63;76;-4.4
b0284;Ec_sgrS;118;128;3;13;-10.15
b0285;Ec_sgrS;57;63;50;56;-7.01
b0288;Ec_sgrS;102;112;48;62;-6.7
b0287;Ec_sgrS;154;160;56;62;-2.17
b0292;Ec_sgrS;44;50;60;66;-1.08
b0293;Ec_sgrS;131;146;26;41;-10.03
b0291;Ec_sgrS;67;90;32;53;-10.09
b0296;Ec_sgrS;121;127;49;55;-7.58
b0295;Ec_sgrS;261;299;29;61;-7.3
b4506;Ec_sgrS;282;288;69;75;-1.97
b4671;Ec_sgrS;217;234;49;68;-10.28
b4630;Ec_sgrS;19;25;59;65;-2.28
b0297;Ec_sgrS;6;12;85;91;-0.04
b0298;Ec_sgrS;181;188;51;58;-6.02
b0301;Ec_sgrS;3;17;58;72;-7.94
b0303;Ec_sgrS;251;265;58;72;-4.87
b0305;Ec_sgrS;256;269;12;24;-6.88
b0304;Ec_sgrS;6;22;53;67;-9.01
b0307;Ec_sgrS;148;162;40;55;-6.76
b0311;Ec_sgrS;130;149;49;69;-2.92
b0310;Ec_sgrS;96;114;37;56;-13.98
b0313;Ec_sgrS;68;74;9;15;-4.59
b0314;Ec_sgrS;213;219;47;53;-6.03
b0312;Ec_sgrS;10;35;17;39;-2.48
b0315;Ec_sgrS;211;218;68;75;-0.64
b0316;Ec_sgrS;51;69;12;28;-5.89
b0318;Ec_sgrS;248;254;71;77;-3.85
b0321;Ec_sgrS;147;155;58;66;-6.78
b0324;Ec_sgrS;33;39;38;44;-4.07
b0323;Ec_sgrS;116;122;18;24;-0.79
b0326;Ec_sgrS;98;116;46;68;-10.55
b0327;Ec_sgrS;249;259;2;14;-7.98
b0328;Ec_sgrS;199;209;39;49;-9.41
b0329;Ec_sgrS;45;51;1;7;-3.39
b0336;Ec_sgrS;53;68;59;74;-10.73
b0341;Ec_sgrS;261;267;3;9;-7.23
b0340;Ec_sgrS;197;214;49;66;-17.61
b0344;Ec_sgrS;127;143;56;70;-1.3
b0349;Ec_sgrS;38;50;44;55;-9.4
b0350;Ec_sgrS;98;104;1;7;-4.78
b0352;Ec_sgrS;169;175;50;56;-6.34
b0353;Ec_sgrS;228;236;6;14;-8.8
b0354;Ec_sgrS;133;142;58;67;-3.47
b0355;Ec_sgrS;61;70;40;49;-5.13
b0357;Ec_sgrS;284;296;71;83;-6.43
b0358;Ec_sgrS;285;296;60;73;-2.43
b0360;Ec_sgrS;137;147;50;65;-1.59
b0363;Ec_sgrS;59;65;101;107;-0.48
b0364;Ec_sgrS;32;38;17;23;-2.88
b0367;Ec_sgrS;224;230;1;7;-4.38
b0369;Ec_sgrS;124;155;3;38;-5.38
b4580;Ec_sgrS;168;174;27;33;-0.49
b0368;Ec_sgrS;66;72;51;57;-4.55
b0373;Ec_sgrS;181;188;51;58;-6.13
b0376;Ec_sgrS;43;62;36;56;-10.11
b0380;Ec_sgrS;85;91;49;55;-6.6
b0381;Ec_sgrS;82;133;21;66;-12.75
b0384;Ec_sgrS;50;56;62;68;-4.94
b0386;Ec_sgrS;85;91;9;15;-5.74
b0389;Ec_sgrS;103;110;69;76;-1.54
b0388;Ec_sgrS;32;38;64;70;-1.11
b0390;Ec_sgrS;229;253;33;57;-3.88
b0394;Ec_sgrS;181;187;101;107;-0.16
b0396;Ec_sgrS;164;170;70;76;-4.11
b0398;Ec_sgrS;162;170;85;93;-4.16
b0399;Ec_sgrS;278;284;23;29;-2.57
b0401;Ec_sgrS;137;143;8;14;-7.13
b0404;Ec_sgrS;193;199;85;91;-0.38
b0405;Ec_sgrS;85;95;34;44;-5.64
b0410;Ec_sgrS;188;215;7;37;-10.47
b0408;Ec_sgrS;245;251;70;76;-2.4
b0414;Ec_sgrS;264;270;7;13;-6.22
b0415;Ec_sgrS;269;275;26;32;-2.56
b0420;Ec_sgrS;114;120;50;56;-6.64
b0421;Ec_sgrS;269;276;3;10;-8.96
b0423;Ec_sgrS;124;130;39;45;-5.1
b0425;Ec_sgrS;2;12;22;33;-6.47
b0424;Ec_sgrS;15;29;35;49;-10.61
b0426;Ec_sgrS;11;17;7;13;-6.49
b0427;Ec_sgrS;166;176;60;70;-3.79
b0429;Ec_sgrS;287;293;70;76;-1.23
b0428;Ec_sgrS;58;64;44;50;-4.9
b0430;Ec_sgrS;245;266;37;59;-12.15
b0431;Ec_sgrS;217;228;39;50;-8
b0435;Ec_sgrS;200;206;42;48;-1
b0434;Ec_sgrS;93;104;42;54;-3.86
b0436;Ec_sgrS;180;187;68;75;-1.43
b0439;Ec_sgrS;275;283;8;16;-12.6
b0441;Ec_sgrS;183;201;62;79;-7.4
b0446;Ec_sgrS;159;172;47;61;-6.39
b0447;Ec_sgrS;145;159;59;75;-4.97
b0448;Ec_sgrS;138;151;62;73;-5.53
b0449;Ec_sgrS;91;113;29;52;-6.17
b0451;Ec_sgrS;75;81;63;69;-3.35
b0452;Ec_sgrS;150;162;50;61;-7.92
b0457;Ec_sgrS;246;252;23;29;-0.13
b0459;Ec_sgrS;118;137;35;53;-8.68
b0460;Ec_sgrS;80;86;38;44;-2.19
b0461;Ec_sgrS;126;158;8;39;-9.42
b0465;Ec_sgrS;181;187;21;27;-2.14
b0469;Ec_sgrS;18;24;70;76;-2.29
b0470;Ec_sgrS;181;192;22;32;-5.6
b0471;Ec_sgrS;170;176;9;15;-5.19
b0472;Ec_sgrS;199;205;40;46;-4.29
b0473;Ec_sgrS;47;58;48;59;-9.48
b0474;Ec_sgrS;43;49;9;15;-4.3
b0476;Ec_sgrS;264;270;56;62;-4.57
b0477;Ec_sgrS;86;92;3;9;-7.51
b0481;Ec_sgrS;111;119;56;64;-5.04
b0480;Ec_sgrS;109;115;39;45;-2.11
b0482;Ec_sgrS;254;260;63;69;-3.46
b0484;Ec_sgrS;59;88;27;54;-5.25
b0485;Ec_sgrS;242;261;50;69;-2.81
b0486;Ec_sgrS;200;206;42;48;-2.75
b0487;Ec_sgrS;27;33;54;60;-7.3
b0488;Ec_sgrS;180;209;39;66;-5.73
b0489;Ec_sgrS;134;144;84;94;-2.96
b0490;Ec_sgrS;246;257;71;82;-10.65
b0491;Ec_sgrS;116;168;2;54;-5.92
b0493;Ec_sgrS;130;137;7;14;-7.65
b0494;Ec_sgrS;40;46;3;9;-6.12
b0497;Ec_sgrS;237;243;53;59;-6.37
b0501;Ec_sgrS;176;182;101;107;-0.28
b4632;Ec_sgrS;38;58;6;24;-6.05
b0502;Ec_sgrS;122;128;45;51;-5.02
b0504;Ec_sgrS;225;231;24;30;-5.27
b0505;Ec_sgrS;5;46;43;75;-2.8
b0506;Ec_sgrS;264;287;16;41;-3.6
b0507;Ec_sgrS;38;44;51;57;-6.31
b0508;Ec_sgrS;81;89;57;65;-2.52
b0509;Ec_sgrS;267;273;10;16;-5.31
b0515;Ec_sgrS;115;124;57;66;-6.57
b0523;Ec_sgrS;92;98;26;32;-1.45
b0525;Ec_sgrS;214;224;58;67;-4.22
b0526;Ec_sgrS;216;228;48;62;-9
b0527;Ec_sgrS;264;271;8;15;-10.11
b0529;Ec_sgrS;53;61;23;31;-4.29
b0532;Ec_sgrS;86;117;22;58;-4.53
b0533;Ec_sgrS;3;17;27;41;-6.81
b0535;Ec_sgrS;215;235;55;76;-4.08
b0534;Ec_sgrS;95;101;48;54;-8.35
b0537;Ec_sgrS;173;180;71;78;-2.95
b4633;Ec_sgrS;275;281;71;77;-3.37
b0539;Ec_sgrS;192;198;56;62;-4.66
b4508;Ec_sgrS;34;56;37;58;-16.79
b0540;Ec_sgrS;181;188;51;58;-6.21
b0543;Ec_sgrS;268;275;21;28;-2.44
b4588;Ec_sgrS;228;245;39;58;-7.5
b4509;Ec_sgrS;110;123;32;47;-2.07
b0553;Ec_sgrS;185;191;101;107;-0.07
b0552;Ec_sgrS;245;251;27;33;-2.28
b0554;Ec_sgrS;38;51;47;60;-13.36
b4510;Ec_sgrS;277;283;51;57;-6.33
b0557;Ec_sgrS;204;210;101;107;-0.34
b0558;Ec_sgrS;64;72;57;65;-6.54
b4589;Ec_sgrS;165;218;22;62;-11.19
b0560;Ec_sgrS;185;212;29;54;-6.17
b0562;Ec_sgrS;19;25;55;61;-5.62
b0565;Ec_sgrS;95;101;57;63;-2.77
b0564;Ec_sgrS;169;175;27;33;-2.06
b0566;Ec_sgrS;147;153;38;44;-3.74
b0568;Ec_sgrS;49;59;33;42;-3.29
b0569;Ec_sgrS;267;275;10;18;-5.81
b0571;Ec_sgrS;60;73;63;76;-8.8
b0573;Ec_sgrS;211;217;2;8;-6.22
b0574;Ec_sgrS;6;12;101;107;-0.18
b0578;Ec_sgrS;182;188;24;30;-4.83
b0577;Ec_sgrS;13;19;10;16;-6.24
b0580;Ec_sgrS;141;147;17;23;-2.5
b0579;Ec_sgrS;214;220;2;8;-4.99
b0581;Ec_sgrS;112;118;101;107;-0.67
b0584;Ec_sgrS;276;298;44;65;-11.4
b4511;Ec_sgrS;146;154;38;46;-4.98
b0586;Ec_sgrS;115;122;49;56;-7.3
b0588;Ec_sgrS;120;126;27;33;-2.7
b0589;Ec_sgrS;101;108;70;77;-4.66
b0592;Ec_sgrS;252;260;21;29;-4.98
b0594;Ec_sgrS;145;160;25;41;-6.16
b0596;Ec_sgrS;74;90;42;59;-5.71
b4512;Ec_sgrS;171;177;23;29;-2.3
b0598;Ec_sgrS;27;33;19;25;-2.41
b0600;Ec_sgrS;20;26;70;76;-2.9
b0603;Ec_sgrS;52;58;17;23;-1.28
b0602;Ec_sgrS;79;86;24;31;-5.72
b0605;Ec_sgrS;208;220;61;74;-5.22
b0606;Ec_sgrS;170;176;42;48;-0.14
b0612;Ec_sgrS;91;99;49;58;-7.24
b0613;Ec_sgrS;192;224;28;60;-9.61
b0615;Ec_sgrS;165;171;25;31;-4.39
b0616;Ec_sgrS;122;128;1;7;-4.83
b0618;Ec_sgrS;232;242;21;31;-3.26
b0617;Ec_sgrS;104;115;48;58;-7.16
b0620;Ec_sgrS;287;300;46;59;-12.42
b0621;Ec_sgrS;3;9;46;52;-4.19
b0624;Ec_sgrS;251;290;1;39;-10.54
b0623;Ec_sgrS;14;20;23;29;-1.78
b4581;Ec_sgrS;7;57;6;56;-6.57
b0628;Ec_sgrS;82;88;23;29;-2.95
b0634;Ec_sgrS;219;225;101;107;-0.43
b0636;Ec_sgrS;138;153;38;54;-4.02
b0638;Ec_sgrS;197;204;41;48;-3.89
b0639;Ec_sgrS;118;124;51;57;-5.58
b0640;Ec_sgrS;41;47;43;49;-0.92
b0643;Ec_sgrS;21;27;22;28;-3.27
b0646;Ec_sgrS;116;122;41;47;-2.47
b0647;Ec_sgrS;192;204;44;56;-10.62
b0648;Ec_sgrS;44;73;16;41;-6.39
b0649;Ec_sgrS;289;296;8;15;-7.97
b0650;Ec_sgrS;243;249;59;65;-1.57
b0652;Ec_sgrS;229;245;23;39;-6.71
b0653;Ec_sgrS;70;76;54;60;-5.96
b0654;Ec_sgrS;229;238;62;71;-1.06
b0655;Ec_sgrS;111;117;2;8;-5.11
b0656;Ec_sgrS;245;251;27;33;-1.88
b0657;Ec_sgrS;25;35;36;46;-9.45
b0658;Ec_sgrS;265;276;48;60;-6.66
b0659;Ec_sgrS;270;300;6;28;-4.24
b0661;Ec_sgrS;178;201;30;60;-6.28
b0674;Ec_sgrS;64;87;47;71;-8.65
b0676;Ec_sgrS;124;130;1;7;-4.58
b0675;Ec_sgrS;241;247;40;46;-1.29
b0677;Ec_sgrS;30;36;1;7;-5.38
b0680;Ec_sgrS;87;93;8;14;-8.19
b0679;Ec_sgrS;81;87;47;53;-7.65
b0682;Ec_sgrS;61;67;7;13;-6.68
b0684;Ec_sgrS;68;74;24;30;-5.03
b0688;Ec_sgrS;66;87;58;77;-8.02
b0687;Ec_sgrS;184;190;2;8;-6.18
b0689;Ec_sgrS;261;267;1;7;-4.36
b0692;Ec_sgrS;102;140;33;77;-5.46
b0693;Ec_sgrS;193;225;12;45;-8.98
b4590;Ec_sgrS;194;204;17;28;-3.86
b0696;Ec_sgrS;3;18;63;76;-5.09
b0698;Ec_sgrS;23;31;63;71;-5.5
b4513;Ec_sgrS;112;120;63;71;-5.5
b0702;Ec_sgrS;278;284;24;30;-5.73
b4514;Ec_sgrS;156;169;43;55;-5.87
b0706;Ec_sgrS;158;168;43;53;-6.51
b0705;Ec_sgrS;161;171;40;51;-4.87
b0708;Ec_sgrS;136;142;23;29;-3.07
b0710;Ec_sgrS;174;185;20;31;-3.9
b0715;Ec_sgrS;80;113;5;39;-8.14
b0719;Ec_sgrS;251;257;2;8;-5.41
b0722;Ec_sgrS;88;96;42;50;-4.71
b0726;Ec_sgrS;200;206;39;45;-4.15
b0724;Ec_sgrS;247;264;38;61;-4.88
b0723;Ec_sgrS;208;231;39;60;-7.01
b0728;Ec_sgrS;193;234;26;56;-14.11
b0731;Ec_sgrS;257;263;42;48;-2.92
b0729;Ec_sgrS;152;176;33;54;-5.87
b0730;Ec_sgrS;249;257;16;25;-0.21
b0733;Ec_sgrS;197;203;42;48;-1.96
b0734;Ec_sgrS;268;274;50;56;-6.22
b4515;Ec_sgrS;1;23;29;51;-10.76
b0736;Ec_sgrS;53;60;19;26;-3.36
b0738;Ec_sgrS;125;131;26;32;-1.82
b0742;Ec_sgrS;155;200;17;61;-4.82
b0750;Ec_sgrS;131;141;59;69;-7.01
b0752;Ec_sgrS;208;222;47;59;-12.24
b0751;Ec_sgrS;236;245;59;68;-3.45
b0758;Ec_sgrS;159;167;48;56;-7.46
b0761;Ec_sgrS;201;208;37;44;-5.31
b0760;Ec_sgrS;282;290;71;79;-4.19
b0759;Ec_sgrS;115;142;48;73;-11.9
b0763;Ec_sgrS;73;79;27;33;-2.86
b0765;Ec_sgrS;147;160;20;34;-3.7
b0766;Ec_sgrS;89;131;19;57;-3.87
b0769;Ec_sgrS;74;80;1;7;-2.9
b0772;Ec_sgrS;103;109;26;32;-0.42
b0775;Ec_sgrS;214;244;19;52;-8.5
b0777;Ec_sgrS;159;185;25;50;-7.48
b0779;Ec_sgrS;124;130;86;92;-1.27
b0781;Ec_sgrS;8;16;43;51;-4.76
b0784;Ec_sgrS;133;148;59;76;-4.44
b0788;Ec_sgrS;266;272;70;76;-0.26
b0790;Ec_sgrS;99;105;54;60;-5.85
b0794;Ec_sgrS;144;150;41;47;-2.25
b0797;Ec_sgrS;56;67;49;59;-7.12
b0798;Ec_sgrS;279;292;61;76;-4.4
b0801;Ec_sgrS;165;216;10;62;-12.9
b0802;Ec_sgrS;140;150;50;61;-8.16
b0805;Ec_sgrS;97;103;24;30;-4.12
b0807;Ec_sgrS;88;94;17;23;-2.07
b0809;Ec_sgrS;290;296;70;76;-2.48
b0810;Ec_sgrS;168;206;39;74;-11.12
b0813;Ec_sgrS;236;245;56;65;-4.37
b0814;Ec_sgrS;213;225;23;38;-3.07
b4705;Ec_sgrS;158;164;8;14;-6.31
b0817;Ec_sgrS;230;236;101;107;-0.44
b0819;Ec_sgrS;138;153;56;68;-7.21
b0820;Ec_sgrS;135;152;22;38;-8.92
b0821;Ec_sgrS;142;169;20;59;-3.01
b0822;Ec_sgrS;117;123;24;30;-5.3
b0824;Ec_sgrS;121;158;24;59;-8.84
b0825;Ec_sgrS;117;146;22;55;-9.56
b0827;Ec_sgrS;42;49;19;26;-0.72
b0829;Ec_sgrS;267;273;38;44;-2.71
b0830;Ec_sgrS;140;161;20;54;-4.94
b0832;Ec_sgrS;140;146;27;33;-0.91
b0833;Ec_sgrS;91;97;25;31;-2.79
b0834;Ec_sgrS;52;58;70;76;-2.44
b0836;Ec_sgrS;109;124;18;33;-2.02
b0838;Ec_sgrS;13;32;47;76;-4.61
b0839;Ec_sgrS;189;214;56;78;-7.48
b0843;Ec_sgrS;108;114;59;65;-3.06
b0842;Ec_sgrS;34;44;70;80;-6.44
b0844;Ec_sgrS;199;223;14;46;-4.4
b0848;Ec_sgrS;96;103;16;23;-4.05
b0849;Ec_sgrS;112;147;23;57;-7.29
b0850;Ec_sgrS;255;261;41;47;-3.57
b0851;Ec_sgrS;147;187;21;52;-5.12
b0855;Ec_sgrS;175;199;29;52;-8.57
b0854;Ec_sgrS;180;190;21;31;-3.13
b0857;Ec_sgrS;230;249;66;82;-4.1
b0859;Ec_sgrS;164;170;86;92;-0.46
b0861;Ec_sgrS;123;149;46;76;-17.29
b0865;Ec_sgrS;255;268;50;68;-11.04
b0869;Ec_sgrS;9;17;59;67;-6.04
b0871;Ec_sgrS;250;275;49;77;-6.28
b0872;Ec_sgrS;233;240;38;45;-7.15
b0873;Ec_sgrS;89;95;16;22;-1.61
b0874;Ec_sgrS;79;88;56;65;-5.6
b0877;Ec_sgrS;97;109;45;62;-5.86
b0875;Ec_sgrS;204;210;21;27;-2.08
b0876;Ec_sgrS;178;187;46;55;-9.92
b0878;Ec_sgrS;189;195;21;27;-1.66
b0879;Ec_sgrS;154;174;70;83;-1.7
b0886;Ec_sgrS;99;105;38;44;-3.37
b0890;Ec_sgrS;1;39;20;59;-7.17
b0892;Ec_sgrS;128;134;39;45;-2.79
b0895;Ec_sgrS;26;32;41;47;-4.09
b0897;Ec_sgrS;99;141;22;57;-4.78
b0898;Ec_sgrS;159;166;41;48;-3.25
b0900;Ec_sgrS;88;101;1;13;-6.18
b0905;Ec_sgrS;280;291;22;33;-9.89
b0907;Ec_sgrS;51;60;37;46;-3.49
b0909;Ec_sgrS;280;288;59;67;-4.29
b0910;Ec_sgrS;150;156;86;92;-1.25
b0912;Ec_sgrS;270;276;39;45;-3.96
b0915;Ec_sgrS;54;67;63;76;-4.22
b0917;Ec_sgrS;256;262;87;93;-0.3
b0916;Ec_sgrS;99;108;23;32;-6.65
b0918;Ec_sgrS;77;83;87;93;-0.02
b0919;Ec_sgrS;245;252;52;59;-8.19
b0921;Ec_sgrS;201;231;15;44;-6.02
b0920;Ec_sgrS;206;216;61;71;-2.8
b0925;Ec_sgrS;140;149;32;41;-10.43
b0929;Ec_sgrS;103;113;56;67;-6.47
b0931;Ec_sgrS;109;122;16;27;-0.48
b0936;Ec_sgrS;130;136;25;31;-3.69
b0937;Ec_sgrS;80;94;21;35;-6.05
b0939;Ec_sgrS;253;297;18;60;-6.1
b0942;Ec_sgrS;66;85;39;58;-5.65
b0943;Ec_sgrS;262;293;22;53;-2.69
b0944;Ec_sgrS;45;51;41;47;-4.37
b0947;Ec_sgrS;253;267;45;57;-5.57
b0946;Ec_sgrS;258;264;41;47;-3.04
b0949;Ec_sgrS;269;275;1;7;-2.48
b0952;Ec_sgrS;244;250;39;45;-3.19
b0955;Ec_sgrS;195;202;26;33;-3.71
b0956;Ec_sgrS;87;100;56;66;-3.51
b0960;Ec_sgrS;10;16;40;46;-2.09
b0961;Ec_sgrS;62;72;23;34;-2
b0962;Ec_sgrS;45;60;20;38;-3.39
b0963;Ec_sgrS;261;267;2;8;-6.21
b0969;Ec_sgrS;125;131;24;30;-4.52
b0968;Ec_sgrS;261;275;50;68;-2.76
b0970;Ec_sgrS;214;229;44;57;-4.37
b0972;Ec_sgrS;33;52;57;68;-3.3
b0973;Ec_sgrS;207;215;50;59;-7.9
b0974;Ec_sgrS;43;55;61;74;-5.07
b0978;Ec_sgrS;74;91;23;39;-6.48
b0977;Ec_sgrS;270;276;3;9;-7.15
b0979;Ec_sgrS;82;126;39;77;-8.22
b0983;Ec_sgrS;278;285;19;26;-2.68
b0984;Ec_sgrS;21;32;63;76;-5.26
b4516;Ec_sgrS;144;165;57;78;-5.17
b0988;Ec_sgrS;138;152;55;69;-7.71
b4517;Ec_sgrS;218;224;101;107;-0.06
b0995;Ec_sgrS;3;9;16;22;-0.85
b0994;Ec_sgrS;266;283;41;54;-2.17
b0997;Ec_sgrS;218;224;23;29;-0.93
b1001;Ec_sgrS;230;236;2;8;-4.5
b1002;Ec_sgrS;157;166;48;57;-6.59
b1004;Ec_sgrS;26;32;101;107;-0.37
b1008;Ec_sgrS;193;199;17;23;-1.09
b1009;Ec_sgrS;205;212;24;31;-5.21
b1011;Ec_sgrS;149;158;40;50;-4.81
b1012;Ec_sgrS;201;231;24;51;-10.1
b1015;Ec_sgrS;157;169;29;39;-5.47
b1018;Ec_sgrS;76;82;8;14;-6.17
b1019;Ec_sgrS;24;39;26;55;-2.77
b1020;Ec_sgrS;175;186;50;61;-8.25
b1022;Ec_sgrS;268;274;24;30;-5.01
b1021;Ec_sgrS;122;128;64;70;-1.49
b1023;Ec_sgrS;241;247;86;92;-0.15
b1027;Ec_sgrS;181;188;51;58;-6.04
b1034;Ec_sgrS;226;246;45;67;-12.73
b1029;Ec_sgrS;230;239;20;29;-4.52
b1038;Ec_sgrS;160;168;42;50;-3.91
b1039;Ec_sgrS;232;238;19;25;-0.14
b1040;Ec_sgrS;181;189;99;107;-0.7
b1041;Ec_sgrS;256;291;20;56;-9.12
b1043;Ec_sgrS;71;77;1;7;-4.11
b1044;Ec_sgrS;30;36;50;56;-8.47
b1045;Ec_sgrS;227;238;66;77;-5.35
b1046;Ec_sgrS;74;96;19;42;-5.54
b1048;Ec_sgrS;265;271;23;29;-0.5
b1047;Ec_sgrS;74;85;37;47;-2.26
b1051;Ec_sgrS;16;44;4;28;-4.45
b1050;Ec_sgrS;281;300;57;77;-3.3
b1053;Ec_sgrS;48;73;6;27;-4.14
b1054;Ec_sgrS;45;55;46;56;-7.12
b1055;Ec_sgrS;195;216;47;68;-9.51
b1059;Ec_sgrS;51;77;54;76;-3.08
b1060;Ec_sgrS;271;277;41;47;-2.97
b1062;Ec_sgrS;211;217;7;13;-5.96
b1061;Ec_sgrS;271;277;25;31;-4.21
b1063;Ec_sgrS;267;283;50;67;-6.52
b1067;Ec_sgrS;278;294;51;67;-11.56
b1068;Ec_sgrS;107;117;65;76;-3.74
b1069;Ec_sgrS;118;153;23;53;-5.76
b1071;Ec_sgrS;151;173;43;64;-8.9
b1074;Ec_sgrS;167;173;42;48;-2.26
b1073;Ec_sgrS;136;180;19;66;-7.46
b1072;Ec_sgrS;269;293;26;53;-5.46
b1076;Ec_sgrS;195;201;51;57;-6.23
b1078;Ec_sgrS;249;255;59;65;-2.53
b1079;Ec_sgrS;205;211;101;107;-0.04
b1081;Ec_sgrS;205;235;29;57;-5.67
b1080;Ec_sgrS;81;87;54;60;-6.37
b1082;Ec_sgrS;51;65;43;59;-6.45
b1083;Ec_sgrS;248;288;22;66;-8.55
b1086;Ec_sgrS;2;9;2;9;-9.97
b1087;Ec_sgrS;70;87;46;64;-4.74
b1089;Ec_sgrS;271;277;50;56;-7.52
b1090;Ec_sgrS;17;23;50;56;-5.27
b1091;Ec_sgrS;54;60;17;23;-0.1
b1098;Ec_sgrS;126;134;46;54;-7.77
b1101;Ec_sgrS;174;186;54;66;-10.18
b1102;Ec_sgrS;138;144;85;91;-0.49
b1106;Ec_sgrS;266;272;8;14;-8.04
b1108;Ec_sgrS;212;229;56;70;-1.93
b1110;Ec_sgrS;69;84;22;41;-7.75
b1111;Ec_sgrS;178;197;29;56;-9.35
b1112;Ec_sgrS;278;284;51;57;-7.13
b1115;Ec_sgrS;257;276;51;76;-7.82
b1116;Ec_sgrS;102;108;22;28;-3.48
b1119;Ec_sgrS;44;53;17;26;-7.7
b1120;Ec_sgrS;160;179;22;34;-5.08
b1130;Ec_sgrS;250;276;10;36;-10.73
b1129;Ec_sgrS;187;197;16;27;-2.7
b1132;Ec_sgrS;49;68;60;75;-1.68
b1133;Ec_sgrS;215;221;101;107;-0.28
b1135;Ec_sgrS;149;155;57;63;-1.24
b1134;Ec_sgrS;1;17;48;66;-4.7
b1136;Ec_sgrS;3;11;22;30;-5.52
b1138;Ec_sgrS;6;16;22;33;-3.32
b1137;Ec_sgrS;134;147;21;36;-4.24
b1139;Ec_sgrS;208;220;51;66;-4.63
b1140;Ec_sgrS;65;71;19;25;-1.99
b1141;Ec_sgrS;291;297;19;25;-3.13
b1143;Ec_sgrS;173;198;28;53;-8.29
b1144;Ec_sgrS;277;285;36;44;-7.25
b1145;Ec_sgrS;96;112;48;64;-7.09
b1147;Ec_sgrS;164;170;24;30;-4.54
b1148;Ec_sgrS;119;126;21;28;-2.34
b1152;Ec_sgrS;53;59;7;13;-5.97
b1158;Ec_sgrS;98;104;61;67;-3.79
b1157;Ec_sgrS;162;168;41;47;-2.72
b4519;Ec_sgrS;82;96;45;59;-10.96
b1159;Ec_sgrS;42;63;26;47;-5.44
b1161;Ec_sgrS;272;299;2;27;-7.46
b1160;Ec_sgrS;128;139;48;61;-5.23
b1163;Ec_sgrS;79;86;26;33;-3.04
b1162;Ec_sgrS;7;20;44;59;-2.21
b1164;Ec_sgrS;271;278;54;61;-6.56
b4520;Ec_sgrS;278;285;9;16;-5.89
b4491;Ec_sgrS;292;298;86;92;-2.4
b4593;Ec_sgrS;94;114;47;60;-10.54
b1172;Ec_sgrS;207;213;101;107;-0.18
b4521;Ec_sgrS;3;24;48;75;-5.21
b1175;Ec_sgrS;9;15;33;39;-4.16
b1178;Ec_sgrS;266;297;21;43;-8.09
b1177;Ec_sgrS;58;66;17;25;-6.88
b1179;Ec_sgrS;210;216;69;75;-1.77
b1181;Ec_sgrS;81;99;36;56;-8.49
b1185;Ec_sgrS;112;118;16;22;-1.52
b1187;Ec_sgrS;42;66;32;56;-14.09
b1188;Ec_sgrS;61;71;15;27;-1.83
b1191;Ec_sgrS;51;90;9;51;-12.46
b1192;Ec_sgrS;235;241;1;7;-5.94
b1196;Ec_sgrS;205;211;21;27;-2.88
b1198;Ec_sgrS;155;162;40;47;-5.31
b1200;Ec_sgrS;243;287;1;32;-6.8
b1202;Ec_sgrS;98;121;42;69;-3.6
b1201;Ec_sgrS;155;165;16;26;-1.3
b1203;Ec_sgrS;291;297;25;31;-4.67
b1206;Ec_sgrS;152;179;41;66;-7.22
b1205;Ec_sgrS;43;58;23;36;-2.43
b1207;Ec_sgrS;170;176;60;66;-1.49
b1208;Ec_sgrS;97;119;55;76;-5.42
b1210;Ec_sgrS;151;161;37;47;-4.31
b4421;Ec_sgrS;13;19;61;67;-1.27
b4419;Ec_sgrS;13;19;61;67;-1.02
b4423;Ec_sgrS;14;20;61;67;-1.81
b1217;Ec_sgrS;177;184;26;33;-3.69
b1219;Ec_sgrS;101;109;21;29;-2.59
b1218;Ec_sgrS;154;172;49;67;-4.39
b1221;Ec_sgrS;172;179;24;31;-5.07
b1224;Ec_sgrS;81;87;8;14;-7.6
b1229;Ec_sgrS;136;142;24;30;-5.19
b1232;Ec_sgrS;270;278;57;65;-3.14
b1233;Ec_sgrS;155;161;54;60;-4.96
b1235;Ec_sgrS;111;117;19;25;-1.6
b1236;Ec_sgrS;220;241;8;36;-3.29
b1238;Ec_sgrS;166;172;26;32;-1.25
b1243;Ec_sgrS;150;158;45;53;-4.27
b1244;Ec_sgrS;276;282;41;47;-3.05
b1246;Ec_sgrS;137;144;26;33;-3.33
b4595;Ec_sgrS;162;169;86;93;-3.83
b1250;Ec_sgrS;121;151;21;59;-7.65
b1251;Ec_sgrS;285;300;42;56;-10.14
b1258;Ec_sgrS;240;247;22;29;-4.7
b1260;Ec_sgrS;41;47;8;14;-4.94
b1262;Ec_sgrS;281;297;15;32;-6.75
b1263;Ec_sgrS;284;291;69;76;-3.4
b1265;Ec_sgrS;30;47;1;16;-9.06
b1266;Ec_sgrS;121;141;20;34;-7.68
b1268;Ec_sgrS;147;188;6;42;-2.65
b1270;Ec_sgrS;14;20;1;7;-5.31
b1269;Ec_sgrS;183;189;61;67;-3.66
b1273;Ec_sgrS;52;58;48;54;-5.96
b1275;Ec_sgrS;274;283;64;73;-2.46
b1274;Ec_sgrS;55;64;50;59;-11.88
b4522;Ec_sgrS;173;189;60;74;-7.46
b4523;Ec_sgrS;6;22;60;74;-7.77
b1277;Ec_sgrS;1;7;3;9;-7.83
b1281;Ec_sgrS;14;20;101;107;-0.49
b1280;Ec_sgrS;193;199;25;31;-4.11
b1282;Ec_sgrS;117;139;48;76;-5.3
b4596;Ec_sgrS;25;31;87;93;-0.52
b1285;Ec_sgrS;217;262;4;55;-9.17
b4672;Ec_sgrS;145;153;40;48;-7.38
b1286;Ec_sgrS;242;248;1;7;-4.65
b1290;Ec_sgrS;50;59;3;12;-9.95
b1292;Ec_sgrS;146;160;57;75;-2.96
b1293;Ec_sgrS;61;79;3;23;-1.79
b1294;Ec_sgrS;227;233;70;76;-0.56
b1296;Ec_sgrS;44;50;41;47;-4
b1297;Ec_sgrS;207;213;59;65;-1.89
b1298;Ec_sgrS;113;120;3;10;-8.51
b1300;Ec_sgrS;30;36;54;60;-4.7
b1304;Ec_sgrS;32;38;42;48;-1.44
b1305;Ec_sgrS;86;93;40;47;-4.44
b1306;Ec_sgrS;168;175;39;46;-5.29
b1307;Ec_sgrS;90;117;30;55;-9.02
b1309;Ec_sgrS;29;38;48;57;-9.58
b1308;Ec_sgrS;160;166;86;92;-1.59
b1312;Ec_sgrS;221;231;49;59;-11.72
b1311;Ec_sgrS;54;65;66;77;-5.26
b1313;Ec_sgrS;101;107;70;76;-2.46
b1314;Ec_sgrS;65;75;16;26;-1.31
b1316;Ec_sgrS;25;35;40;51;-4.3
b1317;Ec_sgrS;147;157;67;77;-6.34
b1319;Ec_sgrS;126;133;39;46;-6.29
b1320;Ec_sgrS;75;81;101;107;-0.39
b1322;Ec_sgrS;245;260;20;39;-3.33
b1325;Ec_sgrS;113;119;48;54;-7.38
b1327;Ec_sgrS;128;134;27;33;-1.77
b1328;Ec_sgrS;1;7;2;8;-7.15
b1330;Ec_sgrS;6;15;42;51;-3.34
b1329;Ec_sgrS;216;223;50;57;-8.53
b1331;Ec_sgrS;245;251;27;33;-2.43
b1332;Ec_sgrS;112;127;22;40;-2.45
b1335;Ec_sgrS;250;258;69;77;-2.03
b1336;Ec_sgrS;209;215;9;15;-4.7
b1337;Ec_sgrS;68;103;10;49;-8.62
b1338;Ec_sgrS;170;215;20;54;-6.71
b1341;Ec_sgrS;123;129;20;26;-0.33
b1342;Ec_sgrS;130;136;71;77;-4.66
b1346;Ec_sgrS;79;115;10;38;-4.22
b1347;Ec_sgrS;285;293;17;26;-4.91
b1349;Ec_sgrS;214;220;60;66;-3.01
b1350;Ec_sgrS;42;48;101;107;-0.39
b1351;Ec_sgrS;104;119;44;59;-6.68
b4526;Ec_sgrS;291;299;67;76;-2.5
b1352;Ec_sgrS;139;145;50;56;-4.46
b1355;Ec_sgrS;70;87;47;63;-2.23
b1356;Ec_sgrS;249;255;101;107;-0.18
b1357;Ec_sgrS;122;131;1;10;-6.17
b1361;Ec_sgrS;216;223;16;23;-3.09
b1359;Ec_sgrS;103;117;39;52;-3.83
b1362;Ec_sgrS;152;158;1;7;-5.48
b4528;Ec_sgrS;277;290;45;57;-5.79
b1365;Ec_sgrS;118;124;58;64;-3.4
b1363;Ec_sgrS;4;25;23;47;-15.66
b1370;Ec_sgrS;184;190;7;13;-5.5
b1368;Ec_sgrS;91;97;41;47;-2.92
b4570;Ec_sgrS;208;221;34;44;-4.04
b1374;Ec_sgrS;175;182;60;67;-4.49
b1375;Ec_sgrS;104;149;20;64;-10.36
b1373;Ec_sgrS;284;290;40;46;-2.88
b1376;Ec_sgrS;292;300;39;47;-4.66
b1377;Ec_sgrS;4;10;86;92;-2.43
b4529;Ec_sgrS;78;84;101;107;-0.34
b1382;Ec_sgrS;4;11;37;44;-7.5
b1386;Ec_sgrS;21;63;1;53;-13.26
b1387;Ec_sgrS;200;221;25;45;-8.43
b1388;Ec_sgrS;131;138;24;31;-4.95
b1390;Ec_sgrS;157;166;62;71;-6.83
b1391;Ec_sgrS;253;262;51;60;-6.69
b1393;Ec_sgrS;292;298;40;46;-3.87
b1394;Ec_sgrS;216;227;47;58;-8.21
b1395;Ec_sgrS;71;89;48;65;-4.82
b1398;Ec_sgrS;207;214;58;65;-5.96
b1399;Ec_sgrS;46;55;17;27;-3.33
b4674;Ec_sgrS;294;300;56;62;-4.2
b1403;Ec_sgrS;137;147;50;65;-1.85
b1407;Ec_sgrS;215;223;15;23;-5.94
b1406;Ec_sgrS;122;129;63;70;-4.78
b1408;Ec_sgrS;227;233;23;29;-3.11
b1412;Ec_sgrS;247;253;52;58;-8.56
b1414;Ec_sgrS;133;142;20;29;-3.32
b1415;Ec_sgrS;77;84;64;71;-2.6
b4493;Ec_sgrS;265;271;30;36;-1.91
b1421;Ec_sgrS;15;32;9;25;-4.05
b1424;Ec_sgrS;28;38;7;16;-8.89
b1427;Ec_sgrS;176;182;1;7;-5.38
b1426;Ec_sgrS;162;168;22;28;-1.04
b1428;Ec_sgrS;157;163;19;25;-1.22
b1430;Ec_sgrS;123;148;35;60;-7.66
b1431;Ec_sgrS;177;183;85;91;-0.55
b4578;Ec_sgrS;262;268;40;46;-4.05
b1432;Ec_sgrS;254;260;20;26;-0.7
b1436;Ec_sgrS;85;115;19;51;-1.81
b4532;Ec_sgrS;178;185;54;61;-6.05
b1438;Ec_sgrS;220;226;63;69;-3.77
b4598;Ec_sgrS;127;134;20;27;-3.47
b1445;Ec_sgrS;207;221;45;58;-9.4
b1449;Ec_sgrS;54;62;57;65;-3.15
b1450;Ec_sgrS;136;142;62;68;-3.74
b1454;Ec_sgrS;32;38;87;93;-0.01
b1457;Ec_sgrS;155;161;87;93;-0.82
b1460;Ec_sgrS;158;168;43;53;-8.24
b1461;Ec_sgrS;136;149;44;60;-6.71
b1462;Ec_sgrS;211;217;8;14;-6.92
b1463;Ec_sgrS;112;121;40;49;-4.59
b1464;Ec_sgrS;182;189;49;56;-7
b1465;Ec_sgrS;53;64;39;50;-5.53
b1468;Ec_sgrS;269;286;35;51;-4.96
b1469;Ec_sgrS;205;211;2;8;-4.05
b1471;Ec_sgrS;227;234;7;14;-7.1
b1473;Ec_sgrS;121;127;3;9;-6.37
b1474;Ec_sgrS;133;150;19;38;-4.41
b1475;Ec_sgrS;167;181;21;35;-3.87
b1477;Ec_sgrS;215;221;8;14;-6.67
b1478;Ec_sgrS;114;134;4;28;-3.77
b1479;Ec_sgrS;215;221;101;107;-0.56
b1484;Ec_sgrS;230;236;1;7;-5.74
b1485;Ec_sgrS;201;207;41;47;-4.62
b1488;Ec_sgrS;5;11;69;75;-0.01
b1489;Ec_sgrS;72;79;9;16;-6.57
b1492;Ec_sgrS;148;154;21;27;-0.82
b1499;Ec_sgrS;62;83;3;28;-8.4
b1501;Ec_sgrS;18;36;41;51;-4.15
b1503;Ec_sgrS;117;142;9;36;-6.49
b1505;Ec_sgrS;204;221;49;65;-6.03
b1507;Ec_sgrS;31;37;101;107;-0.47
b1508;Ec_sgrS;207;217;21;31;-7.4
b1506;Ec_sgrS;142;149;1;8;-7.12
b4696;Ec_sgrS;128;134;17;23;-2.01
b1512;Ec_sgrS;218;230;21;39;-3.4
b1511;Ec_sgrS;247;261;36;50;-9.96
b1513;Ec_sgrS;291;298;66;73;-2.62
b1514;Ec_sgrS;92;101;40;49;-4.22
b1518;Ec_sgrS;207;213;48;54;-7.7
b1519;Ec_sgrS;195;201;101;107;-0.23
b1522;Ec_sgrS;80;98;15;33;-9.55
b1523;Ec_sgrS;125;137;35;47;-9.27
b1524;Ec_sgrS;228;255;29;57;-8.12
b1525;Ec_sgrS;219;262;25;59;-5.81
b1526;Ec_sgrS;95;101;10;16;-4.41
b1529;Ec_sgrS;2;8;33;39;-5.65
b1531;Ec_sgrS;212;218;57;63;-1.34
b1532;Ec_sgrS;186;215;24;54;-7.03
b1533;Ec_sgrS;259;269;10;20;-8.49
b1534;Ec_sgrS;15;47;27;58;-5.69
b1535;Ec_sgrS;16;50;19;57;-7.38
b1536;Ec_sgrS;278;291;37;49;-8.53
b1537;Ec_sgrS;99;109;20;30;-5.79
b1540;Ec_sgrS;34;71;38;60;-4.13
b1542;Ec_sgrS;267;273;18;24;-1.81
b1541;Ec_sgrS;36;43;7;14;-5.54
b4600;Ec_sgrS;143;151;59;67;-4.47
b1544;Ec_sgrS;104;138;29;64;-10.22
b1546;Ec_sgrS;284;290;40;46;-2.88
b1545;Ec_sgrS;175;182;60;67;-4.42
b1548;Ec_sgrS;203;212;29;39;-4.18
b4533;Ec_sgrS;134;143;27;38;-3.73
b1550;Ec_sgrS;129;136;64;71;-1.32
b1551;Ec_sgrS;103;114;48;61;-4.74
b1553;Ec_sgrS;218;226;68;76;-2.89
b4689;Ec_sgrS;25;32;69;76;-3.67
b1554;Ec_sgrS;77;84;32;39;-5.18
b1559;Ec_sgrS;39;45;44;50;-4.68
b1560;Ec_sgrS;98;104;52;58;-6.88
b1565;Ec_sgrS;216;259;21;53;-12.74
b1569;Ec_sgrS;9;18;45;56;-6.14
b1575;Ec_sgrS;165;172;1;8;-6.52
b1576;Ec_sgrS;259;291;38;61;-6.86
b1582;Ec_sgrS;94;108;62;76;-9.46
b1583;Ec_sgrS;1;41;35;77;-7.91
b1584;Ec_sgrS;114;121;57;64;-3.51
b1585;Ec_sgrS;269;275;24;30;-6.03
b1586;Ec_sgrS;96;104;47;56;-9.25
b1589;Ec_sgrS;276;282;67;73;-0.05
b1591;Ec_sgrS;126;132;44;50;-3.29
b1590;Ec_sgrS;89;95;3;9;-5.44
b1594;Ec_sgrS;31;37;25;31;-4.79
b1593;Ec_sgrS;141;147;24;30;-4.65
b1597;Ec_sgrS;39;45;49;55;-7.02
b1598;Ec_sgrS;130;136;8;14;-7.63
b1599;Ec_sgrS;5;11;101;107;-0.29
b1604;Ec_sgrS;114;120;63;69;-3.46
b1605;Ec_sgrS;63;71;49;57;-10.45
b1608;Ec_sgrS;226;239;32;47;-6.6
b1611;Ec_sgrS;23;36;47;61;-8.02
b1613;Ec_sgrS;217;223;53;59;-7.24
b1618;Ec_sgrS;271;278;21;28;-3.47
b1619;Ec_sgrS;9;19;40;50;-10.41
b1620;Ec_sgrS;172;197;10;34;-6.24
b1622;Ec_sgrS;140;146;51;57;-6.54
b1623;Ec_sgrS;290;296;86;92;-2.41
b4409;Ec_sgrS;246;290;23;57;-8.49
b1625;Ec_sgrS;74;80;8;14;-6.4
b1629;Ec_sgrS;107;114;1;8;-4.21
b1630;Ec_sgrS;207;214;20;27;-4.21
b1632;Ec_sgrS;149;172;25;53;-6.48
b1633;Ec_sgrS;254;262;6;14;-7.17
b1634;Ec_sgrS;205;212;2;9;-9.38
b1636;Ec_sgrS;193;206;42;56;-4.72
b1637;Ec_sgrS;38;44;41;47;-3.53
b1638;Ec_sgrS;244;256;61;75;-8.06
b1641;Ec_sgrS;82;88;24;30;-4.93
b1640;Ec_sgrS;70;81;42;51;-2.4
b1643;Ec_sgrS;92;145;5;59;-9.19
b1646;Ec_sgrS;162;182;48;70;-4.99
b1649;Ec_sgrS;212;224;43;52;-4.27
b1652;Ec_sgrS;137;143;1;7;-4.91
b1655;Ec_sgrS;113;119;25;31;-5.06
b1660;Ec_sgrS;7;13;39;45;-4.12
b1659;Ec_sgrS;179;213;20;53;-3.38
b1658;Ec_sgrS;249;264;44;59;-13.69
b1663;Ec_sgrS;251;257;70;76;-2.98
b1664;Ec_sgrS;171;188;36;55;-9.77
b1667;Ec_sgrS;144;166;48;64;-2.29
b1669;Ec_sgrS;75;123;10;51;-7.22
b1668;Ec_sgrS;108;114;8;14;-7.53
b1670;Ec_sgrS;209;234;22;54;-2.79
b1671;Ec_sgrS;112;130;21;40;-5.5
b1672;Ec_sgrS;204;231;17;39;-2.65
b1674;Ec_sgrS;2;17;20;34;-4.88
b1675;Ec_sgrS;190;197;87;94;-2.26
b1676;Ec_sgrS;50;63;46;59;-7.95
b1677;Ec_sgrS;118;124;101;107;-0.41
b1682;Ec_sgrS;272;278;8;14;-6.57
b1685;Ec_sgrS;209;215;27;33;-2.49
b1684;Ec_sgrS;61;67;46;52;-4.21
b1687;Ec_sgrS;38;44;50;56;-7.37
b1689;Ec_sgrS;15;21;17;23;-3.08
b1688;Ec_sgrS;129;144;33;48;-8.04
b1694;Ec_sgrS;41;51;62;72;-7.49
b1691;Ec_sgrS;179;185;23;29;-2.31
b1695;Ec_sgrS;267;273;25;31;-4.63
b1696;Ec_sgrS;12;18;101;107;-0.39
b1698;Ec_sgrS;7;31;33;59;-8.03
b1700;Ec_sgrS;43;57;55;70;-4.06
b1701;Ec_sgrS;150;161;3;13;-7.48
b1703;Ec_sgrS;51;57;87;93;-0.8
b1706;Ec_sgrS;234;240;17;23;-0.71
b1707;Ec_sgrS;149;155;8;14;-6.37
b1709;Ec_sgrS;121;127;9;15;-5.41
b1712;Ec_sgrS;225;231;20;26;-2.82
b1714;Ec_sgrS;125;131;33;39;-4.39
b1719;Ec_sgrS;174;186;2;16;-7.98
b4535;Ec_sgrS;171;192;38;53;-5.81
b1725;Ec_sgrS;138;150;63;75;-4.44
b1726;Ec_sgrS;253;268;63;77;-10.24
b1728;Ec_sgrS;127;133;63;69;-3.58
b1729;Ec_sgrS;204;227;10;31;-4.9
b1730;Ec_sgrS;234;249;62;76;-4.96
b1732;Ec_sgrS;227;245;47;67;-11.9
b1733;Ec_sgrS;157;163;1;7;-4.46
b1735;Ec_sgrS;201;241;3;47;-8.7
b1734;Ec_sgrS;277;299;13;31;-7.69
b1738;Ec_sgrS;48;95;23;76;-4.04
b1740;Ec_sgrS;84;91;22;29;-4.89
b1741;Ec_sgrS;164;199;29;54;-2.78
b1743;Ec_sgrS;80;86;24;30;-4.08
b1745;Ec_sgrS;207;223;27;42;-7.05
b1747;Ec_sgrS;244;251;39;46;-4.27
b1752;Ec_sgrS;207;214;40;47;-5.02
b1754;Ec_sgrS;198;204;41;47;-2.53
b1753;Ec_sgrS;147;155;68;76;-3.41
b1755;Ec_sgrS;254;268;63;76;-5.55
b1757;Ec_sgrS;160;166;21;27;-3.02
b1758;Ec_sgrS;218;224;8;14;-7.32
b1760;Ec_sgrS;69;75;101;107;-0.29
b1759;Ec_sgrS;61;74;40;52;-8.18
b1761;Ec_sgrS;145;151;44;50;-4.14
b1762;Ec_sgrS;26;32;101;107;-0.01
b1764;Ec_sgrS;225;233;58;67;-3.94
b1765;Ec_sgrS;52;65;48;59;-8.48
b1767;Ec_sgrS;285;291;10;16;-5.51
b1768;Ec_sgrS;97;103;1;7;-5
b1769;Ec_sgrS;144;160;28;45;-10.7
b1770;Ec_sgrS;64;75;48;62;-6.9
b1775;Ec_sgrS;59;65;30;36;-1.13
b1774;Ec_sgrS;163;170;39;46;-4.97
b1777;Ec_sgrS;220;249;29;53;-4.96
b1778;Ec_sgrS;158;165;50;57;-8.27
b1780;Ec_sgrS;198;233;10;34;-5.48
b1782;Ec_sgrS;77;83;9;15;-3.48
b1784;Ec_sgrS;104;110;45;51;-3.75
b1783;Ec_sgrS;259;265;2;8;-6.48
b1786;Ec_sgrS;118;124;86;92;-2.14
b1785;Ec_sgrS;204;214;48;59;-9.2
b1787;Ec_sgrS;89;97;41;49;-4.04
b1790;Ec_sgrS;1;50;20;76;-13.14
b1789;Ec_sgrS;253;261;49;57;-8.29
b1791;Ec_sgrS;210;228;12;33;-5.35
b1792;Ec_sgrS;86;92;24;30;-4.47
b1794;Ec_sgrS;249;255;50;56;-8.15
b1796;Ec_sgrS;230;237;59;66;-4.1
b1795;Ec_sgrS;32;39;42;49;-2.77
b1797;Ec_sgrS;216;222;19;25;-2.13
b1800;Ec_sgrS;143;149;51;57;-7.68
b1801;Ec_sgrS;224;231;69;76;-3.54
b1805;Ec_sgrS;197;203;18;24;-2.11
b1806;Ec_sgrS;183;189;101;107;-0.49
b1807;Ec_sgrS;14;29;60;76;-3.68
b1809;Ec_sgrS;57;71;48;62;-9.65
b1810;Ec_sgrS;261;267;61;67;-2.14
b1812;Ec_sgrS;43;49;8;14;-7.05
b1813;Ec_sgrS;245;252;26;33;-4
b1814;Ec_sgrS;176;182;50;56;-4.33
b1817;Ec_sgrS;221;231;45;55;-7.48
b1818;Ec_sgrS;157;170;47;59;-8.65
b1819;Ec_sgrS;36;53;26;42;-3.72
b1821;Ec_sgrS;58;71;51;62;-6.58
b4536;Ec_sgrS;256;262;54;60;-5.07
b1825;Ec_sgrS;178;190;54;66;-7.21
b1827;Ec_sgrS;96;103;18;25;-2.51
b1829;Ec_sgrS;201;207;41;47;-2.01
b1833;Ec_sgrS;74;80;85;91;-0.23
b1832;Ec_sgrS;211;225;15;25;-2.2
b1834;Ec_sgrS;198;210;38;50;-4.81
b1836;Ec_sgrS;92;98;101;107;-0.38
b1838;Ec_sgrS;228;243;10;24;-8.12
b1839;Ec_sgrS;207;213;101;107;-0.41
b1846;Ec_sgrS;23;29;24;30;-5.93
b1851;Ec_sgrS;11;45;23;53;-6.28
b1854;Ec_sgrS;182;188;51;57;-6.75
b1853;Ec_sgrS;142;148;1;7;-4.06
b1855;Ec_sgrS;131;145;33;46;-2.96
b1856;Ec_sgrS;114;135;20;39;-4.36
b1857;Ec_sgrS;10;26;30;39;-1.45
b1858;Ec_sgrS;125;151;44;68;-3.47
b4677;Ec_sgrS;25;44;40;60;-6.67
b1863;Ec_sgrS;252;258;9;15;-3.54
b1865;Ec_sgrS;157;193;23;59;-8.12
b1866;Ec_sgrS;93;99;86;92;-2.64
b1867;Ec_sgrS;223;229;3;9;-7.13
b1868;Ec_sgrS;28;34;59;65;-2.67
b1869;Ec_sgrS;24;30;65;71;-0.05
b1870;Ec_sgrS;10;27;40;60;-4.75
b1872;Ec_sgrS;47;53;63;69;-3.78
b1875;Ec_sgrS;277;283;25;31;-4.97
b1876;Ec_sgrS;60;72;40;52;-4.65
b1879;Ec_sgrS;54;63;28;37;-1.81
b1881;Ec_sgrS;198;208;40;49;-4.34
b1878;Ec_sgrS;266;275;33;42;-10.1
b1880;Ec_sgrS;177;189;49;62;-4.93
b1884;Ec_sgrS;272;298;28;52;-8.45
b1885;Ec_sgrS;53;72;48;66;-7.22
b1886;Ec_sgrS;170;191;21;37;-4.22
b1888;Ec_sgrS;27;33;41;47;-1.43
b1889;Ec_sgrS;9;48;28;66;-11.49
b1890;Ec_sgrS;4;45;3;34;-8.52
b1891;Ec_sgrS;72;85;48;60;-8.84
b1892;Ec_sgrS;238;244;27;33;-0.7
b1893;Ec_sgrS;138;152;55;69;-7.61
b1894;Ec_sgrS;14;47;5;39;-8.9
b1895;Ec_sgrS;235;251;54;69;-3.41
b1897;Ec_sgrS;124;130;48;54;-8.39
b1900;Ec_sgrS;71;92;26;49;-2.51
b1901;Ec_sgrS;91;100;50;59;-6.71
b1902;Ec_sgrS;82;90;18;26;-3.37
b1907;Ec_sgrS;104;112;62;70;-6.11
b1908;Ec_sgrS;90;103;55;69;-3.97
b1912;Ec_sgrS;240;246;9;15;-7.26
b1913;Ec_sgrS;73;79;52;58;-6.92
b1914;Ec_sgrS;276;282;87;93;-2.28
b1915;Ec_sgrS;110;116;3;9;-5.65
b1916;Ec_sgrS;170;182;49;61;-5.37
b1917;Ec_sgrS;171;177;27;33;-2.6
b1918;Ec_sgrS;272;278;53;59;-8.62
b1919;Ec_sgrS;180;212;1;32;-13.18
b1920;Ec_sgrS;166;172;2;8;-5.8
b1921;Ec_sgrS;97;118;37;57;-7.19
b1923;Ec_sgrS;149;166;58;78;-4.96
b1924;Ec_sgrS;199;209;33;42;-5.73
b1928;Ec_sgrS;63;69;62;68;-4.56
b1929;Ec_sgrS;257;266;10;19;-5.01
b1931;Ec_sgrS;73;96;8;34;-1.69
b1930;Ec_sgrS;293;299;101;107;-0.53
b1932;Ec_sgrS;114;128;49;63;-8.59
b1936;Ec_sgrS;50;56;64;70;-1.4
b1938;Ec_sgrS;26;34;30;38;-4.79
b4495;Ec_sgrS;254;260;49;55;-7.81
b1939;Ec_sgrS;200;242;4;48;-8.67
b1943;Ec_sgrS;98;104;2;8;-5.16
b1944;Ec_sgrS;197;204;44;51;-7.44
b1947;Ec_sgrS;249;255;3;9;-4.69
b1949;Ec_sgrS;204;224;42;67;-4.07
b1951;Ec_sgrS;144;165;34;48;-7.39
b1958;Ec_sgrS;170;176;63;69;-3.5
b1957;Ec_sgrS;116;127;56;67;-6.87
b1963;Ec_sgrS;36;44;86;94;-2.9
b1967;Ec_sgrS;148;157;49;58;-10.53
b1968;Ec_sgrS;77;89;58;75;-7.99
b1970;Ec_sgrS;174;187;44;59;-10.14
b1973;Ec_sgrS;273;279;10;16;-6.04
b1974;Ec_sgrS;3;30;47;74;-5.24
b4497;Ec_sgrS;291;297;9;15;-6.13
b1982;Ec_sgrS;196;204;44;52;-9.79
b1983;Ec_sgrS;135;152;45;61;-6.22
b1988;Ec_sgrS;115;121;61;67;-4.93
b1990;Ec_sgrS;196;204;41;49;-6.04
b1994;Ec_sgrS;245;251;27;33;-2.17
b4640;Ec_sgrS;41;49;17;25;-7.5
b4582;Ec_sgrS;62;75;43;57;-2.1
b1997;Ec_sgrS;137;147;50;65;-2.03
b1999;Ec_sgrS;48;54;26;32;-1.58
b2000;Ec_sgrS;46;99;21;68;-5.11
b2001;Ec_sgrS;176;182;43;49;-2.78
b2003;Ec_sgrS;1;7;48;54;-8.74
b2006;Ec_sgrS;19;25;25;31;-5.03
b4642;Ec_sgrS;53;59;26;32;-1.96
b4538;Ec_sgrS;68;84;20;39;-2.43
b2007;Ec_sgrS;36;57;3;31;-7.4
b2010;Ec_sgrS;114;120;49;55;-6.04
b2011;Ec_sgrS;95;105;43;53;-2.3
b2012;Ec_sgrS;203;209;70;76;-4.23
b2014;Ec_sgrS;237;244;16;23;-3.99
b4678;Ec_sgrS;289;296;16;23;-2.17
b2015;Ec_sgrS;207;213;3;9;-6.22
b4539;Ec_sgrS;45;51;20;26;-2.69
b2017;Ec_sgrS;293;299;20;26;-2.8
b2016;Ec_sgrS;233;264;23;54;-10.14
b2019;Ec_sgrS;57;63;23;29;-2.51
b2021;Ec_sgrS;18;24;63;69;-3.08
b2022;Ec_sgrS;99;105;20;26;-3.21
b2023;Ec_sgrS;52;58;62;68;-3.74
b2026;Ec_sgrS;260;274;62;76;-2.05
b2029;Ec_sgrS;37;43;26;32;-0.5
b4571;Ec_sgrS;118;124;40;46;-3.45
b2030;Ec_sgrS;226;251;27;56;-3.43
b2039;Ec_sgrS;8;30;47;68;-10.05
b2040;Ec_sgrS;122;128;58;64;-2.28
b2042;Ec_sgrS;148;154;101;107;-0.04
b2047;Ec_sgrS;165;172;3;10;-7.35
b2052;Ec_sgrS;191;234;10;55;-8.63
b2054;Ec_sgrS;44;51;59;66;-3.84
b2055;Ec_sgrS;250;261;45;57;-7.26
b2056;Ec_sgrS;175;219;21;56;-10.79
b2057;Ec_sgrS;38;47;46;54;-5.3
b2059;Ec_sgrS;20;27;70;77;-3.64
b2060;Ec_sgrS;191;198;87;94;-1.34
b2061;Ec_sgrS;50;56;19;25;-2.74
b2066;Ec_sgrS;291;298;16;23;-3.87
b2068;Ec_sgrS;56;62;59;65;-3.5
b2069;Ec_sgrS;88;117;3;29;-4.88
b2072;Ec_sgrS;281;287;39;45;-3.12
b4667;Ec_sgrS;101;107;1;7;-4.77
b4668;Ec_sgrS;200;206;42;48;-2.09
b2075;Ec_sgrS;189;207;38;55;-7.26
b2076;Ec_sgrS;125;132;69;76;-2.42
b2080;Ec_sgrS;218;224;53;59;-6.01
b2083;Ec_sgrS;240;264;51;73;-5.33
b2086;Ec_sgrS;120;128;24;32;-6.58
b4498;Ec_sgrS;165;173;62;70;-2.69
b2088;Ec_sgrS;181;188;51;58;-6.42
b2092;Ec_sgrS;205;212;21;28;-1.32
b2094;Ec_sgrS;12;56;4;54;-10.34
b2093;Ec_sgrS;69;77;31;39;-6.25
b2096;Ec_sgrS;16;23;63;70;-5.38
b2099;Ec_sgrS;49;55;24;30;-5.24
b2102;Ec_sgrS;224;230;101;107;-0.41
b2104;Ec_sgrS;203;212;29;38;-7.92
b2106;Ec_sgrS;247;253;8;14;-5.58
b2107;Ec_sgrS;276;297;54;79;-6.71
b2108;Ec_sgrS;71;77;60;66;-3.21
b2110;Ec_sgrS;108;121;47;59;-6.09
b2111;Ec_sgrS;38;44;56;62;-4.9
b2113;Ec_sgrS;27;49;19;42;-5.52
b2114;Ec_sgrS;66;72;8;14;-7.38
b4499;Ec_sgrS;43;49;10;16;-5.4
b2118;Ec_sgrS;273;280;51;58;-9
b4541;Ec_sgrS;155;161;40;46;-2.73
b2120;Ec_sgrS;133;139;46;52;-5.87
b2122;Ec_sgrS;195;201;51;57;-5.88
b2125;Ec_sgrS;153;165;63;74;-2
b2126;Ec_sgrS;68;78;67;77;-7.38
b2127;Ec_sgrS;14;38;25;52;-5.95
b2128;Ec_sgrS;140;146;38;44;-4.84
b2129;Ec_sgrS;31;37;70;76;-1.35
b2133;Ec_sgrS;75;84;39;48;-4.76
b2135;Ec_sgrS;243;252;35;44;-7.01
b2140;Ec_sgrS;252;258;17;23;-2.67
b2143;Ec_sgrS;180;196;35;49;-4.37
b2142;Ec_sgrS;274;280;87;93;-1.57
b2145;Ec_sgrS;151;157;48;54;-7.04
b2147;Ec_sgrS;87;93;32;38;-5.09
b2152;Ec_sgrS;19;26;59;66;-4.28
b2153;Ec_sgrS;176;189;38;54;-10.56
b2158;Ec_sgrS;39;64;57;77;-4.2
b2160;Ec_sgrS;82;88;38;44;-3.19
b2161;Ec_sgrS;122;141;37;56;-10.08
b2162;Ec_sgrS;240;246;42;48;-3.03
b2166;Ec_sgrS;262;268;44;50;-4.68
b2165;Ec_sgrS;137;151;59;75;-9.39
b2167;Ec_sgrS;86;109;30;54;-6.84
b2168;Ec_sgrS;103;112;8;16;-5.46
b4502;Ec_sgrS;284;292;58;66;-6.01
b2172;Ec_sgrS;156;162;64;70;-1.82
b2175;Ec_sgrS;9;15;60;66;-3.52
b2182;Ec_sgrS;184;218;1;30;-6.53
b2184;Ec_sgrS;57;66;66;75;-4.32
b2183;Ec_sgrS;179;203;45;71;-8.31
b2187;Ec_sgrS;142;148;101;107;-0.54
b2190;Ec_sgrS;85;91;57;63;-0.48
b2192;Ec_sgrS;232;251;27;53;-2.43
b2193;Ec_sgrS;34;40;40;46;-3.86
b2196;Ec_sgrS;191;207;41;59;-5.59
b2197;Ec_sgrS;90;119;40;76;-4.98
b2200;Ec_sgrS;198;206;42;50;-3.84
b2199;Ec_sgrS;211;218;1;8;-5.08
b2206;Ec_sgrS;187;213;52;76;-15.24
b2207;Ec_sgrS;31;37;51;57;-6.17
b2208;Ec_sgrS;165;176;22;33;-8.17
b2213;Ec_sgrS;117;123;101;107;-0.39
b2214;Ec_sgrS;150;156;53;59;-7.54
b2216;Ec_sgrS;77;83;38;44;-4.38
b2220;Ec_sgrS;88;99;25;35;-2.78
b2221;Ec_sgrS;5;14;58;67;-6.21
b2222;Ec_sgrS;39;45;27;33;-2.34
b2223;Ec_sgrS;192;216;46;77;-7.59
b2224;Ec_sgrS;109;115;1;7;-5.88
b2225;Ec_sgrS;272;287;40;55;-3.77
b2226;Ec_sgrS;185;217;20;45;-10.16
b2230;Ec_sgrS;211;217;101;107;-0.19
b2231;Ec_sgrS;219;232;60;73;-6.35
b2234;Ec_sgrS;187;212;20;41;-3.63
b2233;Ec_sgrS;150;156;86;92;-1.96
b2235;Ec_sgrS;68;79;35;45;-3.96
b2236;Ec_sgrS;6;35;27;66;-11.49
b2239;Ec_sgrS;236;246;36;48;-1.74
b2241;Ec_sgrS;51;57;46;52;-6.09
b2243;Ec_sgrS;223;229;1;7;-4.62
b2244;Ec_sgrS;218;239;36;58;-8.2
b2247;Ec_sgrS;267;282;70;83;-4.73
b2250;Ec_sgrS;284;300;62;77;-5.75
b2251;Ec_sgrS;137;143;24;30;-2.21
b2254;Ec_sgrS;38;44;47;53;-7.5
b2253;Ec_sgrS;204;211;19;26;-4.08
b2252;Ec_sgrS;116;123;62;69;-5.98
b2256;Ec_sgrS;133;139;38;44;-4.17
b2257;Ec_sgrS;183;190;15;22;-2.17
b2260;Ec_sgrS;122;131;37;46;-9.96
b2262;Ec_sgrS;157;163;32;38;-3.2
b2263;Ec_sgrS;126;132;70;76;-4.79
b2265;Ec_sgrS;142;148;1;7;-4.14
b2266;Ec_sgrS;109;115;46;52;-3.82
b2267;Ec_sgrS;120;126;101;107;-0.34
b2268;Ec_sgrS;96;118;39;65;-3.79
b2269;Ec_sgrS;248;261;46;59;-16.58
b2271;Ec_sgrS;27;45;43;60;-8.59
b2273;Ec_sgrS;129;139;51;61;-8.53
b2274;Ec_sgrS;94;100;41;47;-3.57
b2275;Ec_sgrS;291;300;39;49;-5.79
b2281;Ec_sgrS;212;218;18;24;-2.16
b2284;Ec_sgrS;128;135;42;49;-4.94
b2286;Ec_sgrS;159;175;47;68;-7.07
b2289;Ec_sgrS;135;141;17;23;-3.07
b2292;Ec_sgrS;171;178;8;15;-9.47
b2294;Ec_sgrS;184;199;29;46;-6.68
b2296;Ec_sgrS;264;270;39;45;-3.26
b2298;Ec_sgrS;134;162;1;26;-16.49
b2299;Ec_sgrS;218;224;33;39;-3.32
b2302;Ec_sgrS;133;150;50;62;-5.9
b2305;Ec_sgrS;226;239;36;50;-5.67
b2306;Ec_sgrS;274;280;2;8;-7.52
b2310;Ec_sgrS;23;53;27;59;-2.69
b2311;Ec_sgrS;177;187;29;38;-4.13
b2312;Ec_sgrS;225;259;41;76;-6.34
b2313;Ec_sgrS;230;236;70;76;-1.93
b2314;Ec_sgrS;195;227;12;45;-13.95
b2318;Ec_sgrS;102;108;32;38;-3.67
b2319;Ec_sgrS;44;52;8;16;-7.92
b2321;Ec_sgrS;184;191;87;94;-0.78
b2324;Ec_sgrS;142;160;46;60;-7.7
b2326;Ec_sgrS;1;16;69;80;-3.47
b2332;Ec_sgrS;92;115;22;39;-5.29
b2333;Ec_sgrS;58;73;56;70;-6.54
b2334;Ec_sgrS;7;17;50;65;-3.6
b2336;Ec_sgrS;174;180;59;65;-2.5
b2339;Ec_sgrS;61;67;61;67;-3.69
b2340;Ec_sgrS;152;158;22;28;-0.37
b2343;Ec_sgrS;100;114;19;32;-3.63
b2346;Ec_sgrS;167;173;1;7;-6.5
b2347;Ec_sgrS;1;11;28;38;-7.6
b2350;Ec_sgrS;4;19;34;47;-7.03
b2353;Ec_sgrS;276;293;36;54;-6.94
b2354;Ec_sgrS;286;292;41;47;-4.11
b2357;Ec_sgrS;223;232;21;30;-0.41
b2358;Ec_sgrS;1;9;22;30;-4.68
b2361;Ec_sgrS;59;65;24;30;-2.9
b2363;Ec_sgrS;213;219;59;65;-3.08
b2364;Ec_sgrS;87;101;63;77;-3.9
b2365;Ec_sgrS;91;106;40;53;-5.73
b2367;Ec_sgrS;193;199;26;32;-1.46
b2368;Ec_sgrS;117;123;45;51;-3.93
b2370;Ec_sgrS;189;204;44;57;-5.59
b2372;Ec_sgrS;281;290;21;30;-5.32
b2371;Ec_sgrS;255;261;45;51;-4.37
b2373;Ec_sgrS;209;217;24;33;-2.23
b2374;Ec_sgrS;203;217;24;34;-4.2
b2376;Ec_sgrS;193;199;25;31;-3.9
b2377;Ec_sgrS;27;33;23;29;-0.92
b2378;Ec_sgrS;88;94;64;70;-0.41
b4680;Ec_sgrS;233;239;10;16;-5.34
b2380;Ec_sgrS;83;99;52;68;-5.79
b2382;Ec_sgrS;194;201;24;31;-3.14
b2383;Ec_sgrS;87;116;24;52;-7.98
b2385;Ec_sgrS;245;258;37;49;-5.73
b2387;Ec_sgrS;81;87;48;54;-8
b2389;Ec_sgrS;93;112;47;67;-11.4
b2393;Ec_sgrS;38;45;24;31;-5.13
b2406;Ec_sgrS;291;297;56;62;-5.65
b2408;Ec_sgrS;265;271;19;25;-0.73
b4546;Ec_sgrS;225;235;58;67;-3.66
b2411;Ec_sgrS;80;114;30;69;-5.31
b2412;Ec_sgrS;190;210;38;56;-11.55
b2413;Ec_sgrS;64;71;24;31;-5.04
b2414;Ec_sgrS;235;244;48;57;-11.48
b2416;Ec_sgrS;178;232;1;57;-13.05
b2422;Ec_sgrS;53;59;17;23;-4.12
b2425;Ec_sgrS;98;107;24;33;-4
b2426;Ec_sgrS;60;76;40;51;-4.83
b2433;Ec_sgrS;225;238;41;54;-3.43
b2435;Ec_sgrS;94;100;28;34;-2.98
b2436;Ec_sgrS;286;292;19;25;-0.63
b2438;Ec_sgrS;292;300;52;60;-8.61
b2439;Ec_sgrS;2;8;51;57;-7.59
b2444;Ec_sgrS;132;140;69;77;-4.8
b2446;Ec_sgrS;33;40;17;24;-4.08
b2447;Ec_sgrS;248;256;2;10;-9.56
b2448;Ec_sgrS;278;300;18;41;-6.72
b2449;Ec_sgrS;22;38;62;76;-3.69
b2451;Ec_sgrS;142;151;38;47;-3.44
b2450;Ec_sgrS;146;154;58;66;-7.74
b2453;Ec_sgrS;210;216;17;23;-2.06
b2462;Ec_sgrS;243;252;48;56;-7.26
b2464;Ec_sgrS;278;284;8;14;-7.81
b2461;Ec_sgrS;208;215;16;23;-3.37
b2465;Ec_sgrS;236;278;8;59;-13.72
b2468;Ec_sgrS;111;117;44;50;-4.07
b2469;Ec_sgrS;148;154;16;22;-1.64
b4606;Ec_sgrS;5;11;19;25;-3.21
b2470;Ec_sgrS;154;162;30;38;-5.38
b2472;Ec_sgrS;252;271;38;58;-8.62
b2473;Ec_sgrS;1;7;24;30;-5.5
b2474;Ec_sgrS;221;228;46;53;-8.1
b4547;Ec_sgrS;233;239;70;76;-2.73
b2476;Ec_sgrS;163;185;48;73;-2.58
b2475;Ec_sgrS;123;132;5;14;-9.78
b2477;Ec_sgrS;119;143;45;67;-2.54
b2478;Ec_sgrS;101;107;101;107;-0.11
b2480;Ec_sgrS;166;187;38;60;-5.68
b2479;Ec_sgrS;37;43;57;63;-2.41
b2482;Ec_sgrS;29;41;63;75;-0.99
b2481;Ec_sgrS;102;159;2;56;-4.21
b2485;Ec_sgrS;236;246;41;51;-3.92
b2491;Ec_sgrS;162;168;16;22;-0.87
b2493;Ec_sgrS;214;220;40;46;-2.97
b2498;Ec_sgrS;89;128;21;58;-6.7
b2499;Ec_sgrS;144;154;16;26;-5.19
b2502;Ec_sgrS;200;210;58;68;-8.19
b2504;Ec_sgrS;124;130;18;24;-1.17
b2503;Ec_sgrS;79;85;24;30;-4.24
b2508;Ec_sgrS;151;157;86;92;-1.55
b2510;Ec_sgrS;206;212;1;7;-4.68
b2512;Ec_sgrS;155;163;39;47;-6.38
b2513;Ec_sgrS;283;292;68;77;-6.81
b2514;Ec_sgrS;183;189;21;27;-2.41
b2516;Ec_sgrS;151;157;42;48;-1.54
b2518;Ec_sgrS;117;123;29;35;-1.46
b2517;Ec_sgrS;213;222;48;57;-11.09
b2524;Ec_sgrS;6;14;1;9;-8.98
b2529;Ec_sgrS;60;66;62;68;-4.13
b2530;Ec_sgrS;267;275;39;47;-7.96
b2531;Ec_sgrS;45;51;101;107;-0.16
b2534;Ec_sgrS;270;298;27;60;-3.71
b2535;Ec_sgrS;197;207;41;51;-6.39
b2536;Ec_sgrS;143;152;24;33;-2.84
b2537;Ec_sgrS;228;278;1;54;-10.11
b2538;Ec_sgrS;175;193;19;37;-5.62
b2539;Ec_sgrS;70;96;21;39;-3.68
b2540;Ec_sgrS;6;12;7;13;-4.79
b2546;Ec_sgrS;287;299;70;83;-3.23
b2549;Ec_sgrS;70;77;37;44;-7.68
b2551;Ec_sgrS;232;238;41;47;-2.54
b2552;Ec_sgrS;113;131;50;67;-6.15
b2553;Ec_sgrS;43;88;19;59;-6.6
b2557;Ec_sgrS;94;108;63;76;-4.91
b2559;Ec_sgrS;163;169;86;92;-1.29
b2560;Ec_sgrS;94;111;39;56;-10.19
b4687;Ec_sgrS;58;64;19;25;-1.49
b2562;Ec_sgrS;159;165;86;92;-1.48
b2565;Ec_sgrS;76;82;38;44;-4.68
b2566;Ec_sgrS;93;99;3;9;-5.69
b2568;Ec_sgrS;227;244;60;76;-4.25
b2571;Ec_sgrS;178;213;26;59;-8.57
b2572;Ec_sgrS;201;220;25;44;-5.68
b2574;Ec_sgrS;148;160;41;52;-7.83
b2578;Ec_sgrS;233;239;63;69;-1.67
b2579;Ec_sgrS;198;213;36;50;-8.66
b2580;Ec_sgrS;25;31;46;52;-5.52
b2582;Ec_sgrS;184;190;8;14;-7.4
b2584;Ec_sgrS;291;297;41;47;-5.08
b2586;Ec_sgrS;230;250;36;54;-5.16
b2587;Ec_sgrS;123;129;86;92;-2.13
b2592;Ec_sgrS;47;53;33;39;-3.96
b2594;Ec_sgrS;213;227;2;15;-5.79
b2597;Ec_sgrS;131;141;46;57;-8.9
b2601;Ec_sgrS;147;158;5;15;-5.54
b2602;Ec_sgrS;98;121;48;70;-10.95
b2603;Ec_sgrS;253;263;56;66;-10.74
b2604;Ec_sgrS;276;294;41;61;-6.53
b2605;Ec_sgrS;287;293;32;38;-4.3
b2606;Ec_sgrS;141;148;42;49;-4.42
b2608;Ec_sgrS;197;213;29;48;-5.36
b2609;Ec_sgrS;184;190;47;53;-6.65
b2614;Ec_sgrS;38;59;58;77;-7.23
b2615;Ec_sgrS;243;257;2;17;-8.67
b2616;Ec_sgrS;224;230;26;32;-0.28
b2617;Ec_sgrS;4;13;46;55;-13.3
b2618;Ec_sgrS;104;110;59;65;-0.81
b2622;Ec_sgrS;23;29;9;15;-6.82
b2620;Ec_sgrS;168;178;22;33;-3.8
b2623;Ec_sgrS;54;82;46;76;-5.09
b2625;Ec_sgrS;90;101;50;61;-6.32
b2630;Ec_sgrS;49;55;8;14;-6.77
b2632;Ec_sgrS;53;78;21;56;-5.78
b2634;Ec_sgrS;159;186;25;53;-11.54
b2641;Ec_sgrS;7;17;26;36;-5.54
b2644;Ec_sgrS;197;245;4;51;-13.15
b2645;Ec_sgrS;73;79;63;69;-3.6
b2647;Ec_sgrS;168;181;50;60;-7.6
b2650;Ec_sgrS;281;287;45;51;-6.29
b4462;Ec_sgrS;129;135;24;30;-5.31
b2648;Ec_sgrS;88;96;25;33;-5.04
b2659;Ec_sgrS;98;123;21;54;-2.37
b2661;Ec_sgrS;290;296;60;66;-3.15
b2663;Ec_sgrS;220;248;31;50;-5.15
b2665;Ec_sgrS;126;132;8;14;-6.65
b2664;Ec_sgrS;192;204;44;55;-8.77
b2666;Ec_sgrS;1;19;49;69;-9.06
b2669;Ec_sgrS;3;13;56;66;-6.32
b2668;Ec_sgrS;223;233;40;50;-10.21
b2670;Ec_sgrS;213;221;48;56;-10.4
b2673;Ec_sgrS;214;220;64;70;-1.29
b2672;Ec_sgrS;109;117;21;29;-4.95
b2674;Ec_sgrS;149;164;43;57;-3.14
b2677;Ec_sgrS;14;35;13;33;-11.14
b2679;Ec_sgrS;96;102;62;68;-3.47
b2681;Ec_sgrS;104;139;7;50;-9.15
b2684;Ec_sgrS;46;60;3;14;-9.45
b2686;Ec_sgrS;257;279;38;54;-4.15
b2687;Ec_sgrS;135;169;21;61;-7.43
b2690;Ec_sgrS;210;220;38;48;-3.33
b2699;Ec_sgrS;139;145;86;92;-1.82
b2702;Ec_sgrS;79;86;24;31;-6.15
b2703;Ec_sgrS;153;168;27;45;-4.39
b2704;Ec_sgrS;48;54;8;14;-6.65
b2707;Ec_sgrS;45;61;63;79;-4
b2709;Ec_sgrS;240;246;17;23;-2.98
b2711;Ec_sgrS;28;48;37;58;-5.28
b2712;Ec_sgrS;180;191;38;48;-6.77
b2717;Ec_sgrS;233;239;42;48;-0.74
b2718;Ec_sgrS;220;226;51;57;-5.03
b2719;Ec_sgrS;294;300;101;107;-0.6
b2721;Ec_sgrS;21;36;70;83;-3.83
b2722;Ec_sgrS;6;12;70;76;-1.71
b2727;Ec_sgrS;245;251;71;77;-4.96
b2726;Ec_sgrS;40;48;24;32;-3.58
b2728;Ec_sgrS;113;139;9;36;-8.42
b2729;Ec_sgrS;233;245;39;51;-7.31
b2730;Ec_sgrS;242;250;36;45;-5.1
b2733;Ec_sgrS;232;245;39;52;-10.46
b2734;Ec_sgrS;166;172;86;92;-0.61
b2736;Ec_sgrS;2;9;26;33;-3.81
b2738;Ec_sgrS;40;48;47;55;-11.2
b2739;Ec_sgrS;227;233;42;48;-2.31
b2740;Ec_sgrS;180;189;22;31;-6.64
b2741;Ec_sgrS;206;212;20;26;-2.6
b2743;Ec_sgrS;153;170;22;38;-2.35
b2744;Ec_sgrS;194;230;38;76;-4.64
b2748;Ec_sgrS;176;182;41;47;-0.79
b2750;Ec_sgrS;265;277;51;68;-6.74
b2752;Ec_sgrS;274;280;19;25;-2.32
b2753;Ec_sgrS;169;175;101;107;-0.05
b2754;Ec_sgrS;176;184;37;45;-6.22
b2755;Ec_sgrS;3;9;7;13;-4.71
b2759;Ec_sgrS;215;221;40;46;-4.14
b2761;Ec_sgrS;180;186;101;107;-0.41
b2760;Ec_sgrS;164;170;38;44;-5.88
b2769;Ec_sgrS;192;198;39;45;-4.52
b2768;Ec_sgrS;210;220;57;69;-5.61
b2770;Ec_sgrS;82;89;31;38;-6.5
b4463;Ec_sgrS;28;35;54;61;-8
b2775;Ec_sgrS;70;81;47;60;-12.29
b4682;Ec_sgrS;56;62;1;7;-3.52
b2777;Ec_sgrS;25;31;43;49;-2.76
b2782;Ec_sgrS;16;23;37;44;-7.87
b2783;Ec_sgrS;264;271;37;44;-7.7
b2784;Ec_sgrS;264;270;32;38;-4.05
b2785;Ec_sgrS;65;74;51;61;-9.2
b2786;Ec_sgrS;223;233;42;52;-8.43
b2787;Ec_sgrS;65;74;41;50;-3.26
b2790;Ec_sgrS;81;89;37;45;-9.28
b2791;Ec_sgrS;209;226;44;62;-5.95
b2794;Ec_sgrS;75;133;6;52;-12.37
b2795;Ec_sgrS;137;143;10;16;-5.19
b2797;Ec_sgrS;23;40;21;45;-4.34
b2799;Ec_sgrS;37;66;26;50;-2.46
b2801;Ec_sgrS;6;14;47;55;-9.17
b2802;Ec_sgrS;81;92;3;13;-10.34
b2809;Ec_sgrS;276;293;58;75;-8.16
b2812;Ec_sgrS;218;241;23;46;-6.51
b2818;Ec_sgrS;128;134;64;70;-1.89
b2817;Ec_sgrS;165;221;2;54;-7.44
b2821;Ec_sgrS;16;22;51;57;-7.19
b2827;Ec_sgrS;208;226;40;62;-6.28
b2828;Ec_sgrS;139;173;23;58;-0.99
b2829;Ec_sgrS;127;133;2;8;-6.39
b2830;Ec_sgrS;200;212;64;76;-1.26
b2831;Ec_sgrS;215;222;3;10;-9.77
b2833;Ec_sgrS;29;35;27;33;-1.63
b2838;Ec_sgrS;11;18;51;58;-9.46
b2840;Ec_sgrS;176;188;46;56;-5.8
b2841;Ec_sgrS;55;61;27;33;-1.83
b2843;Ec_sgrS;34;48;2;15;-8.05
b2845;Ec_sgrS;99;106;59;66;-3.04
b2842;Ec_sgrS;14;29;40;54;-4.58
b2846;Ec_sgrS;73;79;54;60;-7
b2848;Ec_sgrS;278;284;2;8;-7.27
b2847;Ec_sgrS;139;159;48;67;-4.75
b4683;Ec_sgrS;144;173;43;73;-5.81
b2849;Ec_sgrS;150;179;50;76;-7.52
b2850;Ec_sgrS;231;238;2;9;-9.38
b2851;Ec_sgrS;56;77;59;75;-3.09
b2852;Ec_sgrS;12;44;22;60;-5.17
b2854;Ec_sgrS;176;194;44;59;-11.35
b2858;Ec_sgrS;206;212;101;107;-0.61
b2856;Ec_sgrS;186;229;22;59;-3.95
b2859;Ec_sgrS;235;242;53;60;-8.13
b2861;Ec_sgrS;137;147;50;65;-1.87
b2867;Ec_sgrS;55;74;56;77;-8.19
b2869;Ec_sgrS;215;254;23;60;-11.75
b2870;Ec_sgrS;133;143;58;67;-5.12
b2874;Ec_sgrS;154;160;3;9;-5.63
b2877;Ec_sgrS;81;87;28;34;-2.32
b2876;Ec_sgrS;137;143;16;22;-0.32
b2878;Ec_sgrS;6;31;51;77;-4.89
b2881;Ec_sgrS;31;37;42;48;-1.13
b2882;Ec_sgrS;9;16;55;62;-5.18
b2886;Ec_sgrS;132;138;2;8;-5.15
b2887;Ec_sgrS;94;104;49;59;-15.2
b2889;Ec_sgrS;57;67;41;51;-8.57
b2892;Ec_sgrS;168;174;61;67;-5.01
b2894;Ec_sgrS;121;143;17;43;-3.68
b2895;Ec_sgrS;236;244;61;69;-4.16
b2896;Ec_sgrS;149;155;39;45;-3.55
b2897;Ec_sgrS;69;75;101;107;-0.22
b2898;Ec_sgrS;206;214;63;71;-5.27
b2899;Ec_sgrS;262;269;50;57;-9.52
b2901;Ec_sgrS;118;124;9;15;-4.58
b2902;Ec_sgrS;249;255;1;7;-3.25
b2903;Ec_sgrS;174;180;2;8;-6.94
b2904;Ec_sgrS;272;278;63;69;-2.21
b2905;Ec_sgrS;273;279;41;47;-1.61
b2907;Ec_sgrS;44;58;39;53;-5.02
b4665;Ec_sgrS;201;207;41;47;-1.5
b2913;Ec_sgrS;293;300;62;69;-3.35
b2920;Ec_sgrS;207;217;50;59;-6.63
b2921;Ec_sgrS;252;258;59;65;-3.21
b2922;Ec_sgrS;172;183;28;39;-7.62
b2923;Ec_sgrS;214;220;24;30;-5.2
b2924;Ec_sgrS;71;77;70;76;-0.2
b2926;Ec_sgrS;90;147;23;77;-4.49
b2933;Ec_sgrS;260;268;8;16;-7.53
b2936;Ec_sgrS;57;63;21;27;-2.26
b2937;Ec_sgrS;289;300;39;49;-5.66
b2938;Ec_sgrS;257;274;33;51;-4.13
b2939;Ec_sgrS;162;168;24;30;-4.13
b2940;Ec_sgrS;234;240;39;45;-3.51
b2942;Ec_sgrS;40;46;18;24;-1.83
b2945;Ec_sgrS;124;130;25;31;-2.94
b2949;Ec_sgrS;42;50;28;36;-6.03
b2951;Ec_sgrS;22;28;9;15;-6.25
b2952;Ec_sgrS;144;150;2;8;-6.1
b2954;Ec_sgrS;100;106;70;76;-2.53
b2958;Ec_sgrS;230;236;24;30;-5.17
b2960;Ec_sgrS;245;252;3;10;-7.61
b2961;Ec_sgrS;141;148;63;70;-3.15
b2962;Ec_sgrS;85;91;87;93;-0.23
b2963;Ec_sgrS;22;39;37;59;-7.8
b2966;Ec_sgrS;156;209;10;56;-14.53
b2965;Ec_sgrS;52;60;2;10;-4.9
b2969;Ec_sgrS;254;260;1;7;-5.11
b2970;Ec_sgrS;150;160;48;59;-10.29
b4468;Ec_sgrS;275;281;70;76;-0.06
b2979;Ec_sgrS;77;83;101;107;-0.72
b2981;Ec_sgrS;125;134;42;51;-4.51
b2982;Ec_sgrS;245;251;27;33;-1.75
b2985;Ec_sgrS;21;27;1;7;-4.36
b2986;Ec_sgrS;250;262;29;41;-13.47
b2989;Ec_sgrS;209;217;55;63;-4.33
b2991;Ec_sgrS;132;138;50;56;-7.88
b2992;Ec_sgrS;87;96;46;55;-5.49
b2995;Ec_sgrS;165;171;61;67;-5.33
b2996;Ec_sgrS;268;274;51;57;-4.37
b4658;Ec_sgrS;130;136;61;67;-4.91
b3002;Ec_sgrS;95;107;16;26;-2.88
b3005;Ec_sgrS;86;98;65;77;-3.11
b3006;Ec_sgrS;2;23;18;42;-5.52
b3008;Ec_sgrS;220;248;29;61;-9.9
b3012;Ec_sgrS;112;118;25;31;-3.82
b3011;Ec_sgrS;194;235;1;38;-5.66
b3013;Ec_sgrS;45;72;1;28;-4.98
b4469;Ec_sgrS;154;160;85;91;-0.11
b3017;Ec_sgrS;206;213;52;59;-9.51
b3018;Ec_sgrS;29;35;9;15;-5.56
b3019;Ec_sgrS;166;199;19;46;-4.1
b3022;Ec_sgrS;253;274;29;44;-5.93
b3023;Ec_sgrS;282;288;17;23;-2.31
b3024;Ec_sgrS;8;60;8;54;-9.85
b3025;Ec_sgrS;288;294;64;70;-2.83
b3028;Ec_sgrS;48;75;2;34;-9.49
b3027;Ec_sgrS;1;28;22;53;-9.48
b3031;Ec_sgrS;69;75;26;32;-1.93
b3033;Ec_sgrS;231;237;41;47;-0.97
b3035;Ec_sgrS;271;280;40;49;-4.29
b3039;Ec_sgrS;37;43;20;26;-1.38
b3042;Ec_sgrS;291;297;101;107;-0.74
b3043;Ec_sgrS;39;45;86;92;-1.53
b3044;Ec_sgrS;137;147;50;65;-1.01
b3046;Ec_sgrS;263;273;50;65;-2.13
b3048;Ec_sgrS;85;106;11;34;-7.78
b4664;Ec_sgrS;83;89;1;7;-3.74
b3052;Ec_sgrS;61;73;15;25;-2.42
b3053;Ec_sgrS;6;15;57;65;-2.78
b3054;Ec_sgrS;10;68;3;54;-11.58
b3057;Ec_sgrS;259;265;19;25;-0.6
b3058;Ec_sgrS;222;231;23;32;-5.77
b3059;Ec_sgrS;47;55;59;67;-3.95
b3061;Ec_sgrS;189;211;35;59;-5.71
b3063;Ec_sgrS;243;251;10;18;-4.67
b3066;Ec_sgrS;174;185;17;27;-3.56
b3067;Ec_sgrS;216;227;45;56;-7.78
b3070;Ec_sgrS;56;62;41;47;-2.21
b3071;Ec_sgrS;131;138;64;71;-1.32
b3073;Ec_sgrS;153;161;55;63;-3.21
b3079;Ec_sgrS;212;218;2;8;-6.08
b3080;Ec_sgrS;162;168;40;46;-4.77
b3082;Ec_sgrS;263;277;21;39;-3.46
b3083;Ec_sgrS;117;127;47;57;-10.81
b3084;Ec_sgrS;145;155;49;61;-6.16
b3089;Ec_sgrS;98;104;25;31;-5.17
b3093;Ec_sgrS;74;81;24;31;-5.05
b3101;Ec_sgrS;159;165;101;107;-0.61
b3102;Ec_sgrS;2;28;5;32;-3.86
b3104;Ec_sgrS;147;158;58;70;-3.79
b3107;Ec_sgrS;142;149;3;10;-9.33
b3110;Ec_sgrS;161;167;101;107;-0.43
b3116;Ec_sgrS;78;88;59;69;-5.02
b3114;Ec_sgrS;134;163;17;40;-6.56
b3118;Ec_sgrS;225;250;21;51;-3.78
b3119;Ec_sgrS;69;75;101;107;-0.3
b3120;Ec_sgrS;179;197;31;48;-5.54
b3124;Ec_sgrS;6;17;36;47;-12.15
b3126;Ec_sgrS;50;56;70;76;-1.53
b3127;Ec_sgrS;223;229;101;107;-0.46
b3128;Ec_sgrS;58;64;2;8;-5.91
b3130;Ec_sgrS;11;20;33;42;-5.24
b3132;Ec_sgrS;66;72;24;30;-4.72
b3133;Ec_sgrS;27;33;60;66;-3.82
b3136;Ec_sgrS;145;155;30;40;-5.59
b3137;Ec_sgrS;61;92;39;74;-9.56
b3138;Ec_sgrS;176;183;26;33;-2.23
b3140;Ec_sgrS;284;292;37;45;-6.82
b3142;Ec_sgrS;125;133;84;92;-1.99
b3144;Ec_sgrS;157;168;2;14;-7.9
b3145;Ec_sgrS;142;148;21;27;-3.12
b3146;Ec_sgrS;209;216;60;67;-5.5
b3147;Ec_sgrS;178;184;101;107;-0.55
b3149;Ec_sgrS;235;255;15;38;-3.93
b3151;Ec_sgrS;102;113;17;26;-3.09
b3153;Ec_sgrS;82;94;18;29;-3.61
b3154;Ec_sgrS;97;103;87;93;-0.06
b3155;Ec_sgrS;91;97;61;67;-3.13
b3156;Ec_sgrS;112;127;37;53;-9.21
b3158;Ec_sgrS;90;98;58;66;-8.82
b3160;Ec_sgrS;142;148;26;32;-1.38
b3159;Ec_sgrS;291;297;69;75;-2.34
b3162;Ec_sgrS;136;155;42;60;-1.39
b4685;Ec_sgrS;222;228;42;48;-0.37
b3163;Ec_sgrS;253;259;39;45;-3.5
b3164;Ec_sgrS;263;269;42;48;-1.79
b3168;Ec_sgrS;275;285;36;46;-5.91
b3172;Ec_sgrS;12;18;24;30;-5.33
b3178;Ec_sgrS;211;221;56;67;-4.86
b3179;Ec_sgrS;61;69;54;62;-6.98
b3181;Ec_sgrS;190;197;87;94;-1.12
b3180;Ec_sgrS;78;84;25;31;-3.49
b3182;Ec_sgrS;130;136;10;16;-4.76
b3185;Ec_sgrS;224;251;21;58;-4.02
b3183;Ec_sgrS;117;123;10;16;-6.45
b3186;Ec_sgrS;18;29;66;77;-5.46
b3189;Ec_sgrS;245;251;49;55;-7.15
b3190;Ec_sgrS;254;287;23;55;-9.08
b3191;Ec_sgrS;54;79;31;53;-3.47
b3192;Ec_sgrS;233;244;63;76;-3.04
b3193;Ec_sgrS;11;23;22;34;-4.45
b3196;Ec_sgrS;117;128;30;42;-2.24
b3195;Ec_sgrS;33;42;21;30;-4.06
b3197;Ec_sgrS;198;239;23;59;-9.73
b3200;Ec_sgrS;10;46;16;52;-8.49
b3201;Ec_sgrS;84;91;37;44;-4.64
b3202;Ec_sgrS;56;62;51;57;-4.92
b3206;Ec_sgrS;166;174;48;56;-9.26
b3207;Ec_sgrS;68;106;21;59;-7.42
b3209;Ec_sgrS;174;180;51;57;-6.95
b3211;Ec_sgrS;112;143;8;42;-4.76
b3210;Ec_sgrS;131;137;47;53;-6.88
b3213;Ec_sgrS;163;212;20;58;-7.83
b3214;Ec_sgrS;30;55;43;66;-7.44
b3216;Ec_sgrS;83;91;1;9;-6.75
b3218;Ec_sgrS;245;251;27;33;-1.97
b3220;Ec_sgrS;171;177;27;33;-2.7
b3221;Ec_sgrS;148;161;38;52;-10.02
b3222;Ec_sgrS;53;60;70;77;-3.28
b3224;Ec_sgrS;73;79;40;46;-3.45
b3225;Ec_sgrS;151;158;87;94;-0.31
b3226;Ec_sgrS;144;150;24;30;-5.69
b3232;Ec_sgrS;98;120;1;25;-9.85
b3230;Ec_sgrS;211;219;57;65;-5.09
b3231;Ec_sgrS;32;38;85;91;-0.24
b3233;Ec_sgrS;60;66;101;107;-0.33
b3236;Ec_sgrS;281;287;21;27;-2.56
b3237;Ec_sgrS;29;44;19;30;-1.32
b3241;Ec_sgrS;286;299;63;77;-6.42
b3242;Ec_sgrS;258;264;17;23;-4.25
b3244;Ec_sgrS;277;283;28;34;-2.69
b4472;Ec_sgrS;30;37;48;55;-8.88
b3248;Ec_sgrS;85;96;22;34;-5.15
b3251;Ec_sgrS;177;190;19;32;-9.75
b3252;Ec_sgrS;66;72;42;48;-1.69
b3253;Ec_sgrS;196;220;22;50;-13.84
b3258;Ec_sgrS;200;206;39;45;-2.6
b3260;Ec_sgrS;173;180;49;56;-7.74
b3261;Ec_sgrS;4;10;1;7;-3.05
b3262;Ec_sgrS;15;21;40;46;-2.99
b3264;Ec_sgrS;6;12;19;25;-2.51
b3263;Ec_sgrS;95;142;22;67;-5.23
b3266;Ec_sgrS;175;181;1;7;-2.73
b3268;Ec_sgrS;291;297;21;27;-3.23
b3269;Ec_sgrS;20;55;21;60;-2.2
b3270;Ec_sgrS;221;227;8;14;-5.66
b3281;Ec_sgrS;148;154;21;27;-3.59
b3283;Ec_sgrS;72;78;71;77;-4.04
b3284;Ec_sgrS;239;245;47;53;-4.96
b4473;Ec_sgrS;18;42;9;35;-2.74
b3287;Ec_sgrS;34;48;48;61;-6.65
b3288;Ec_sgrS;204;210;20;26;-2.62
b4550;Ec_sgrS;260;266;43;49;-2.6
b3293;Ec_sgrS;183;189;8;14;-7.84
b3294;Ec_sgrS;223;229;28;34;-2.61
b3295;Ec_sgrS;196;207;38;51;-5.58
b3297;Ec_sgrS;188;195;70;77;-4.58
b3298;Ec_sgrS;1;7;9;15;-7.21
b3299;Ec_sgrS;264;270;9;15;-4.43
b3301;Ec_sgrS;210;220;52;62;-2.08
b3308;Ec_sgrS;209;215;1;7;-2.86
b3306;Ec_sgrS;163;186;50;76;-3.24
b3314;Ec_sgrS;274;287;56;67;-3.54
b3315;Ec_sgrS;26;41;43;57;-2.16
b3319;Ec_sgrS;262;268;69;75;-1.26
b3321;Ec_sgrS;17;23;86;92;-2.04
b3326;Ec_sgrS;161;169;48;56;-11.74
b3328;Ec_sgrS;167;173;27;33;-2.53
b3329;Ec_sgrS;97;122;23;49;-10.6
b3332;Ec_sgrS;82;90;50;58;-12.34
b3335;Ec_sgrS;36;43;56;63;-3.59
b3337;Ec_sgrS;287;293;101;107;-0.51
b3340;Ec_sgrS;1;7;25;31;-2.31
b3344;Ec_sgrS;208;233;2;23;-4.03
b3343;Ec_sgrS;207;213;46;52;-6.57
b3347;Ec_sgrS;17;60;10;60;-9.83
b3348;Ec_sgrS;63;97;22;52;-6.43
b4551;Ec_sgrS;61;73;2;14;-10.25
b3352;Ec_sgrS;70;76;8;14;-7.31
b3356;Ec_sgrS;258;264;10;16;-5.31
b3359;Ec_sgrS;188;194;71;77;-3.13
b3363;Ec_sgrS;86;105;22;37;-3.42
b3369;Ec_sgrS;252;258;1;7;-3.32
b4474;Ec_sgrS;249;271;35;52;-6.32
b3378;Ec_sgrS;130;138;51;59;-8.36
b3379;Ec_sgrS;221;227;63;69;-1.37
b3384;Ec_sgrS;291;297;38;44;-5.8
b3387;Ec_sgrS;237;243;33;39;-3.99
b3390;Ec_sgrS;47;65;50;77;-4.79
b3392;Ec_sgrS;104;110;64;70;-1.14
b3399;Ec_sgrS;56;67;39;50;-5.12
b3398;Ec_sgrS;88;109;30;60;-7.79
b3402;Ec_sgrS;214;221;24;31;-5.31
b3403;Ec_sgrS;250;266;43;57;-7.02
b3405;Ec_sgrS;14;20;87;93;-0.76
b3407;Ec_sgrS;192;206;42;59;-6.19
b3408;Ec_sgrS;35;52;46;65;-8.15
b3410;Ec_sgrS;149;155;32;38;-3.27
b3412;Ec_sgrS;148;184;30;64;-6.07
b3415;Ec_sgrS;6;23;62;76;-4.21
b3414;Ec_sgrS;179;191;23;35;-5.74
b3417;Ec_sgrS;88;94;8;14;-6.75
b3418;Ec_sgrS;265;280;25;43;-5.7
b3423;Ec_sgrS;105;117;46;59;-6.58
b3427;Ec_sgrS;76;83;59;66;-3.21
b3432;Ec_sgrS;139;156;30;54;-5.44
b3429;Ec_sgrS;201;240;3;44;-6.83
b3431;Ec_sgrS;234;270;24;58;-11.87
b3433;Ec_sgrS;170;188;38;56;-12.02
b3437;Ec_sgrS;265;298;24;58;-6.05
b3439;Ec_sgrS;140;150;3;14;-9.17
b3440;Ec_sgrS;203;215;3;16;-7.03
b3441;Ec_sgrS;10;52;23;58;-1.88
b3442;Ec_sgrS;36;47;58;70;-6.33
b3445;Ec_sgrS;138;152;55;69;-7.61
b3446;Ec_sgrS;141;158;47;60;-9.01
b3448;Ec_sgrS;257;267;56;66;-6.99
b3450;Ec_sgrS;96;102;53;59;-7.28
b3452;Ec_sgrS;207;213;8;14;-7.75
b3455;Ec_sgrS;18;24;70;76;-0.34
b3457;Ec_sgrS;150;165;3;18;-10.35
b3458;Ec_sgrS;252;258;47;53;-5.47
b3459;Ec_sgrS;181;191;64;75;-2.79
b3464;Ec_sgrS;283;290;20;27;-4.01
b3468;Ec_sgrS;116;122;9;15;-7.89
b3470;Ec_sgrS;6;35;46;77;-8.45
b3472;Ec_sgrS;189;201;30;40;-2.28
b3474;Ec_sgrS;167;189;49;68;-8.04
b3475;Ec_sgrS;169;175;24;30;-3.04
b3483;Ec_sgrS;21;41;32;61;-9.69
b4552;Ec_sgrS;211;233;33;52;-7.68
b3484;Ec_sgrS;152;168;43;60;-7.26
b3485;Ec_sgrS;198;204;41;47;-1.3
b4660;Ec_sgrS;143;149;22;28;-1.23
b3493;Ec_sgrS;114;120;101;107;-0.08
b3494;Ec_sgrS;42;50;99;107;-1.09
b3496;Ec_sgrS;11;32;48;66;-4.79
b3495;Ec_sgrS;177;183;26;32;-1.36
b3498;Ec_sgrS;134;146;46;61;-6.73
b4613;Ec_sgrS;198;206;70;78;-6.37
b3502;Ec_sgrS;169;178;22;31;-3.73
b3504;Ec_sgrS;35;51;57;71;-3.75
b3505;Ec_sgrS;245;251;27;33;-1.71
b3507;Ec_sgrS;1;11;58;68;-8.12
b3506;Ec_sgrS;102;138;20;56;-9.1
b3508;Ec_sgrS;208;214;19;25;-2.87
b3509;Ec_sgrS;13;19;54;60;-6.76
b3510;Ec_sgrS;53;59;40;46;-2.55
b3511;Ec_sgrS;127;133;1;7;-3.71
b3514;Ec_sgrS;158;201;24;66;-8.52
b3516;Ec_sgrS;157;200;28;68;-9.65
b3519;Ec_sgrS;34;45;54;67;-4.41
b3524;Ec_sgrS;40;46;21;27;-1.4
b3525;Ec_sgrS;293;299;63;69;-1.14
b3527;Ec_sgrS;201;235;15;44;-9.06
b3526;Ec_sgrS;85;93;21;29;-4.79
b3528;Ec_sgrS;229;235;24;30;-3.87
b3529;Ec_sgrS;115;128;22;39;-6.18
b3530;Ec_sgrS;82;88;25;31;-5.33
b3531;Ec_sgrS;36;42;10;16;-4.75
b3533;Ec_sgrS;277;298;23;54;-11.13
b3535;Ec_sgrS;87;96;30;39;-2.86
b3537;Ec_sgrS;197;206;42;50;-1.81
b3538;Ec_sgrS;12;18;42;48;-2.34
b3539;Ec_sgrS;243;249;64;70;-1.31
b3540;Ec_sgrS;46;57;29;39;-4.69
b3542;Ec_sgrS;129;154;2;34;-6.76
b3543;Ec_sgrS;275;288;44;58;-10.17
b3544;Ec_sgrS;119;161;2;41;-9.98
b3548;Ec_sgrS;94;120;24;51;-4.91
b3550;Ec_sgrS;198;227;21;51;-11.28
b3551;Ec_sgrS;135;143;54;62;-6.14
b3552;Ec_sgrS;275;281;63;69;-2.94
b3556;Ec_sgrS;75;98;19;42;-8.58
b4647;Ec_sgrS;53;62;58;67;-3.75
b3557;Ec_sgrS;33;39;47;53;-4.1
b4455;Ec_sgrS;21;30;58;67;-4.02
b3558;Ec_sgrS;127;141;27;40;-7.01
b3561;Ec_sgrS;190;206;39;56;-11.61
b4553;Ec_sgrS;47;53;101;107;-0.09
b3562;Ec_sgrS;72;82;55;65;-5.3
b3566;Ec_sgrS;229;280;30;70;-8.62
b3568;Ec_sgrS;111;117;40;46;-1.19
b3570;Ec_sgrS;60;83;22;54;-2.37
b3574;Ec_sgrS;221;227;101;107;-0.71
b3577;Ec_sgrS;209;225;48;62;-5.2
b3579;Ec_sgrS;68;87;39;59;-6.6
b3580;Ec_sgrS;204;213;57;65;-1.61
b3581;Ec_sgrS;191;199;46;55;-6.38
b3582;Ec_sgrS;6;27;22;52;-8.74
b4648;Ec_sgrS;231;238;21;28;-3.92
b3583;Ec_sgrS;176;187;38;50;-5.83
b4649;Ec_sgrS;232;239;1;8;-7.89
b3585;Ec_sgrS;9;17;17;27;-3.86
b3587;Ec_sgrS;138;145;1;8;-5.71
b3588;Ec_sgrS;204;242;34;65;-9.92
b3589;Ec_sgrS;184;193;21;30;-4.97
b3591;Ec_sgrS;228;236;27;35;-4.78
b3590;Ec_sgrS;43;50;63;70;-4.26
b3592;Ec_sgrS;272;278;25;31;-5.89
b3594;Ec_sgrS;211;233;33;52;-6.04
b3595;Ec_sgrS;13;19;101;107;-0.6
b4650;Ec_sgrS;116;131;40;56;-5.58
b4651;Ec_sgrS;42;48;87;93;-1.74
b4615;Ec_sgrS;161;189;22;45;-6.89
b4652;Ec_sgrS;205;211;9;15;-5.23
b3597;Ec_sgrS;67;77;46;56;-9.61
b3598;Ec_sgrS;248;256;68;76;-3.57
b3599;Ec_sgrS;53;72;29;53;-7.8
b3601;Ec_sgrS;239;261;35;56;-9.22
b3602;Ec_sgrS;187;204;44;57;-6.65
b3603;Ec_sgrS;60;66;58;64;-4.12
b3604;Ec_sgrS;6;14;58;66;-6.77
b3606;Ec_sgrS;159;169;56;66;-4.59
b3609;Ec_sgrS;197;203;45;51;-4.36
b3611;Ec_sgrS;229;237;7;15;-10.84
b3613;Ec_sgrS;76;82;25;31;-5.53
b3612;Ec_sgrS;230;236;70;76;-2.68
b3614;Ec_sgrS;36;45;85;93;-1.75
b3615;Ec_sgrS;212;227;53;66;-7.82
b3618;Ec_sgrS;224;231;1;8;-7.81
b3620;Ec_sgrS;238;245;42;49;-2.76
b3623;Ec_sgrS;192;198;87;93;-1.48
b3625;Ec_sgrS;205;215;17;27;-3.98
b3629;Ec_sgrS;291;297;61;67;-3.85
b3630;Ec_sgrS;133;148;54;69;-14.24
b3632;Ec_sgrS;137;152;47;59;-8.58
b3633;Ec_sgrS;185;213;17;36;-5.56
b3635;Ec_sgrS;173;179;1;7;-4.51
b3637;Ec_sgrS;150;158;58;66;-4.99
b3638;Ec_sgrS;63;82;57;76;-6.69
b3640;Ec_sgrS;104;110;63;69;-4.5
b3643;Ec_sgrS;158;164;86;92;-1.9
b3645;Ec_sgrS;130;136;55;61;-4.04
b3647;Ec_sgrS;83;95;2;15;-7.61
b3648;Ec_sgrS;195;201;55;61;-5.38
b3649;Ec_sgrS;280;298;34;58;-10.94
b3652;Ec_sgrS;230;236;53;59;-6.26
b3653;Ec_sgrS;142;148;3;9;-7.12
b3659;Ec_sgrS;165;175;49;59;-10.05
b4555;Ec_sgrS;238;286;2;53;-10.26
b3662;Ec_sgrS;140;148;46;54;-9.03
b3663;Ec_sgrS;48;54;1;7;-3.01
b3664;Ec_sgrS;292;299;18;25;-5.23
b3666;Ec_sgrS;59;67;40;48;-3.69
b3670;Ec_sgrS;1;8;26;33;-4.08
b3671;Ec_sgrS;193;209;33;49;-4.98
b4618;Ec_sgrS;250;256;2;8;-4.77
b3674;Ec_sgrS;171;177;27;33;-2.59
b3675;Ec_sgrS;128;135;61;68;-3.83
b3676;Ec_sgrS;152;158;101;107;-0.19
b3678;Ec_sgrS;245;263;50;66;-4.91
b3679;Ec_sgrS;2;10;63;71;-3.7
b4556;Ec_sgrS;11;18;1;8;-6.56
b3683;Ec_sgrS;200;211;51;62;-12.81
b3684;Ec_sgrS;283;289;101;107;-0.35
b3686;Ec_sgrS;265;271;2;8;-4.93
b3687;Ec_sgrS;19;30;48;58;-6.88
b3689;Ec_sgrS;277;286;58;67;-7.85
b3690;Ec_sgrS;133;161;22;53;-10.31
b3693;Ec_sgrS;269;275;3;9;-7.18
b4479;Ec_sgrS;1;7;22;28;-3.89
b4477;Ec_sgrS;273;287;70;83;-5.66
b3696;Ec_sgrS;261;267;23;29;-1.8
b3698;Ec_sgrS;144;152;6;14;-8.74
b3699;Ec_sgrS;4;12;66;74;-3.96
b3700;Ec_sgrS;270;282;25;39;-6.37
b3702;Ec_sgrS;235;288;3;45;-7.49
b3703;Ec_sgrS;66;72;18;24;-1.55
b3705;Ec_sgrS;138;145;63;70;-4.5
b3707;Ec_sgrS;132;143;20;32;-4.35
b3710;Ec_sgrS;16;41;46;75;-4.81
b3708;Ec_sgrS;71;79;8;16;-9.01
b3711;Ec_sgrS;256;264;38;46;-5.99
b3713;Ec_sgrS;129;135;41;47;-3.26
b3717;Ec_sgrS;239;246;7;14;-8.62
b3718;Ec_sgrS;85;91;101;107;-0.24
b3720;Ec_sgrS;144;150;21;27;-1.79
b3722;Ec_sgrS;193;210;20;39;-10.22
b3724;Ec_sgrS;18;24;63;69;-1.05
b3723;Ec_sgrS;119;125;1;7;-3
b3727;Ec_sgrS;76;84;57;65;-4.47
b3726;Ec_sgrS;255;262;37;44;-6.8
b3732;Ec_sgrS;129;142;47;60;-10.66
b3733;Ec_sgrS;42;59;40;53;-4.6
b3735;Ec_sgrS;263;269;61;67;-2.91
b3734;Ec_sgrS;117;125;71;79;-4.49
b3736;Ec_sgrS;49;56;53;60;-7.41
b3739;Ec_sgrS;103;109;86;92;-1.23
b3738;Ec_sgrS;182;212;21;51;-6.41
b3741;Ec_sgrS;247;255;36;44;-7.58
b3743;Ec_sgrS;99;106;45;52;-8.81
b3744;Ec_sgrS;262;275;21;34;-4.71
b3747;Ec_sgrS;162;174;46;59;-7.43
b3748;Ec_sgrS;146;154;51;59;-10.79
b3749;Ec_sgrS;79;86;62;69;-4.48
b3751;Ec_sgrS;134;144;66;76;-5.73
b3754;Ec_sgrS;264;272;36;44;-7.27
b4480;Ec_sgrS;221;227;25;31;-3.08
b3764;Ec_sgrS;149;158;56;65;-6.67
b3765;Ec_sgrS;74;101;27;57;-6.25
b3766;Ec_sgrS;248;254;70;76;-0.83
b4669;Ec_sgrS;63;69;70;76;-0.7
b3769;Ec_sgrS;200;241;9;48;-8.64
b4488;Ec_sgrS;10;16;70;76;-1.86
b3773;Ec_sgrS;52;58;70;76;-3.32
b3774;Ec_sgrS;13;37;22;52;-14.24
b3775;Ec_sgrS;220;227;1;8;-6.78
b3777;Ec_sgrS;171;180;19;28;-1.04
b3779;Ec_sgrS;78;84;55;61;-6.51
b3780;Ec_sgrS;42;48;51;57;-5.72
b3781;Ec_sgrS;150;173;48;69;-4.84
b3786;Ec_sgrS;2;8;22;28;-4.02
b3791;Ec_sgrS;198;205;43;50;-4.28
b3792;Ec_sgrS;92;98;62;68;-3.99
b3795;Ec_sgrS;8;25;53;74;-0.27
b3801;Ec_sgrS;284;294;24;34;-4.67
b3802;Ec_sgrS;81;90;39;49;-5.4
b3803;Ec_sgrS;283;289;101;107;-0.7
b3805;Ec_sgrS;219;247;3;24;-6.8
b3806;Ec_sgrS;250;256;16;22;-0.71
b4558;Ec_sgrS;80;111;22;54;-9.38
b3809;Ec_sgrS;198;206;39;47;-7.32
b3811;Ec_sgrS;107;117;50;61;-9.96
b3812;Ec_sgrS;128;134;55;61;-6.41
b3813;Ec_sgrS;4;11;37;44;-8.09
b3816;Ec_sgrS;256;262;49;55;-7.3
b3817;Ec_sgrS;137;147;23;33;-5.27
b3824;Ec_sgrS;7;23;51;67;-9.6
b3825;Ec_sgrS;88;94;42;48;-3.37
b3827;Ec_sgrS;47;53;8;14;-6.38
b3826;Ec_sgrS;115;125;48;58;-13.44
b3828;Ec_sgrS;162;201;24;58;-3.71
b3830;Ec_sgrS;17;31;45;61;-11.35
b3831;Ec_sgrS;50;58;69;77;-2.13
b3833;Ec_sgrS;211;217;49;55;-7.33
b3836;Ec_sgrS;154;160;86;92;-1.18
b3839;Ec_sgrS;214;220;55;61;-5.86
b3843;Ec_sgrS;172;178;86;92;-3.17
b3842;Ec_sgrS;278;284;17;23;-0.49
b3846;Ec_sgrS;75;81;69;75;-0.55
b3845;Ec_sgrS;194;216;31;55;-7.28
b3847;Ec_sgrS;180;186;101;107;-0.17
b3849;Ec_sgrS;239;248;7;16;-7.23
b3862;Ec_sgrS;236;242;56;62;-2.4
b3863;Ec_sgrS;59;80;44;61;-5.6
b3865;Ec_sgrS;158;167;85;94;-4.17
b3871;Ec_sgrS;211;217;16;22;-0.48
b3873;Ec_sgrS;36;44;17;26;-1.28
b3872;Ec_sgrS;42;59;58;75;-7.83
b3875;Ec_sgrS;19;37;56;77;-2.66
b3877;Ec_sgrS;189;213;47;77;-7.06
b3878;Ec_sgrS;205;248;20;61;-7.05
b3879;Ec_sgrS;233;240;59;66;-3.89
b3881;Ec_sgrS;202;231;48;74;-5.49
b3882;Ec_sgrS;262;281;27;43;-6.12
b3883;Ec_sgrS;175;181;7;13;-5.38
b3888;Ec_sgrS;151;159;36;44;-6.06
b3890;Ec_sgrS;92;111;26;47;-4.02
b3893;Ec_sgrS;103;110;57;64;-3.2
b3894;Ec_sgrS;34;60;49;67;-4.44
b3895;Ec_sgrS;111;118;18;25;-2.92
b3897;Ec_sgrS;156;171;29;43;-5.65
b3899;Ec_sgrS;206;212;9;15;-5.26
b3902;Ec_sgrS;212;220;52;60;-9.59
b3901;Ec_sgrS;222;231;35;44;-6.24
b3906;Ec_sgrS;170;176;27;33;-1.01
b3907;Ec_sgrS;287;293;101;107;-0.02
b3908;Ec_sgrS;283;299;54;67;-6.59
b3910;Ec_sgrS;3;16;22;36;-5.06
b3909;Ec_sgrS;240;246;41;47;-0.28
b4484;Ec_sgrS;5;27;10;40;-9.07
b3920;Ec_sgrS;57;63;58;64;-1.73
b3922;Ec_sgrS;257;263;70;76;-3.12
b3924;Ec_sgrS;172;182;30;40;-10.18
b3925;Ec_sgrS;132;138;46;52;-4.22
b3926;Ec_sgrS;147;160;21;32;-4.49
b3927;Ec_sgrS;74;80;46;52;-6.66
b3929;Ec_sgrS;272;278;26;32;-1.21
b3932;Ec_sgrS;70;86;1;16;-8.23
b3933;Ec_sgrS;26;38;29;44;-4.38
b3935;Ec_sgrS;174;199;41;66;-8.32
b3937;Ec_sgrS;270;288;22;39;-8.1
b3938;Ec_sgrS;261;289;8;37;-5.66
b3940;Ec_sgrS;41;70;36;58;-8.42
b3939;Ec_sgrS;194;204;44;53;-6.4
b3943;Ec_sgrS;290;297;31;38;-7.14
b3949;Ec_sgrS;258;267;44;53;-8.56
b3951;Ec_sgrS;77;91;39;51;-4.19
b3957;Ec_sgrS;157;163;1;7;-3.92
b3961;Ec_sgrS;118;124;51;57;-7.11
b3963;Ec_sgrS;75;92;14;32;-2.95
b3965;Ec_sgrS;70;76;33;39;-3.79
b3981;Ec_sgrS;108;114;86;92;-2
b3984;Ec_sgrS;245;251;40;46;-2.44
b3988;Ec_sgrS;280;289;43;52;-0.7
b3989;Ec_sgrS;88;95;55;62;-5.8
b3991;Ec_sgrS;25;34;37;45;-6.3
b3996;Ec_sgrS;177;189;36;46;-4.02
b3997;Ec_sgrS;261;297;25;59;-6.76
b3999;Ec_sgrS;248;264;24;42;-5.78
b4000;Ec_sgrS;26;38;63;75;-3.69
b4002;Ec_sgrS;240;246;23;29;-0.76
b4004;Ec_sgrS;2;12;12;23;-5.74
b4011;Ec_sgrS;172;207;23;57;-3.17
b4013;Ec_sgrS;95;119;37;59;-8.09
b4015;Ec_sgrS;198;204;44;50;-5.39
b4017;Ec_sgrS;266;272;61;67;-1.88
b4022;Ec_sgrS;29;35;3;9;-6.32
b4025;Ec_sgrS;167;173;49;55;-7.77
b4029;Ec_sgrS;204;210;101;107;-0.19
b4031;Ec_sgrS;176;182;20;26;-1.28
b4034;Ec_sgrS;76;89;47;59;-9.03
b4036;Ec_sgrS;98;111;1;15;-7.17
b4038;Ec_sgrS;248;263;35;49;-8.9
b4040;Ec_sgrS;193;199;101;107;-0.61
b4039;Ec_sgrS;203;209;48;54;-8.93
b4041;Ec_sgrS;265;271;32;38;-5.5
b4043;Ec_sgrS;162;168;55;61;-3.07
b4045;Ec_sgrS;146;152;21;27;-0.51
b4047;Ec_sgrS;113;119;21;27;-0.86
b4049;Ec_sgrS;289;300;58;69;-7.45
b4051;Ec_sgrS;197;203;45;51;-5.28
b4053;Ec_sgrS;15;21;69;75;-0.35
b4055;Ec_sgrS;201;217;47;61;-8.64
b4621;Ec_sgrS;164;170;70;76;-1.52
b4056;Ec_sgrS;73;85;20;34;-7.31
b4059;Ec_sgrS;160;173;55;70;-3.81
b4060;Ec_sgrS;175;189;22;33;-2.79
b4058;Ec_sgrS;81;101;57;78;-6.32
b4061;Ec_sgrS;218;229;57;67;-4.98
b4063;Ec_sgrS;164;170;86;92;-1.93
b4062;Ec_sgrS;17;23;24;30;-5.93
b4065;Ec_sgrS;258;282;22;54;-7.58
b4066;Ec_sgrS;55;61;56;62;-4.3
b4067;Ec_sgrS;70;76;48;54;-5.34
b4069;Ec_sgrS;133;143;58;67;-4.4
b4072;Ec_sgrS;150;156;60;66;-2.7
b4074;Ec_sgrS;251;258;41;48;-5.18
b4077;Ec_sgrS;98;104;101;107;-0.42
b4080;Ec_sgrS;192;221;24;55;-14.35
b4622;Ec_sgrS;237;243;101;107;-0.45
b4083;Ec_sgrS;263;269;42;48;-0.26
b4085;Ec_sgrS;55;61;70;76;-1.36
b4086;Ec_sgrS;70;76;9;15;-5.89
b4087;Ec_sgrS;234;241;32;39;-6.01
b4090;Ec_sgrS;2;9;42;49;-5.91
b4092;Ec_sgrS;105;111;25;31;-3.95
b4094;Ec_sgrS;285;294;50;59;-10.07
b4096;Ec_sgrS;82;89;18;25;-3.95
b4098;Ec_sgrS;211;227;26;46;-2.04
b4100;Ec_sgrS;48;77;24;52;-13.57
b4101;Ec_sgrS;172;178;43;49;-1.65
b4108;Ec_sgrS;127;133;86;92;-2.3
b4109;Ec_sgrS;21;28;43;50;-5.23
b4110;Ec_sgrS;140;149;61;70;-7.2
b4111;Ec_sgrS;37;48;28;41;-3.34
b4112;Ec_sgrS;199;205;40;46;-3.98
b4114;Ec_sgrS;13;24;6;16;-8.37
b4115;Ec_sgrS;139;146;37;44;-5.84
b4117;Ec_sgrS;23;29;101;107;-0.48
b4118;Ec_sgrS;146;152;9;15;-7.1
b4119;Ec_sgrS;165;171;42;48;-1.5
b4120;Ec_sgrS;224;232;51;59;-8.42
b4125;Ec_sgrS;168;191;47;62;-11.79
b4123;Ec_sgrS;195;203;45;53;-8.47
b4124;Ec_sgrS;152;158;47;53;-6.24
b4127;Ec_sgrS;227;242;58;72;-6.11
b4128;Ec_sgrS;12;36;28;52;-9.88
b4559;Ec_sgrS;274;283;44;53;-6.02
b4129;Ec_sgrS;74;80;27;33;-1.74
b4130;Ec_sgrS;183;204;44;60;-8.1
b4132;Ec_sgrS;9;15;27;33;-3.07
b4133;Ec_sgrS;239;281;27;60;-5.73
b4136;Ec_sgrS;77;101;55;74;-1.39
b4137;Ec_sgrS;15;21;8;14;-5.22
b4138;Ec_sgrS;17;37;40;58;-4.76
b4143;Ec_sgrS;273;295;23;45;-4.77
b4142;Ec_sgrS;109;115;8;14;-7.83
b4144;Ec_sgrS;54;62;40;48;-6.11
b4145;Ec_sgrS;54;62;59;67;-7.1
b4146;Ec_sgrS;106;117;43;54;-6.22
b4147;Ec_sgrS;86;106;33;57;-9.43
b4148;Ec_sgrS;68;80;49;60;-7.8
b4150;Ec_sgrS;11;28;58;75;-4.58
b4151;Ec_sgrS;42;51;58;67;-2.45
b4153;Ec_sgrS;35;42;27;34;-4.92
b4154;Ec_sgrS;63;75;22;34;-7.05
b4161;Ec_sgrS;59;68;7;16;-7.99
b4160;Ec_sgrS;217;223;25;31;-5.34
b4162;Ec_sgrS;52;58;70;76;-0.68
b4166;Ec_sgrS;266;272;23;29;-2.41
b4670;Ec_sgrS;193;199;17;23;-2.39
b4168;Ec_sgrS;198;206;42;51;-5.65
b4172;Ec_sgrS;143;157;20;32;-2.65
b4173;Ec_sgrS;214;227;34;47;-4.58
b4177;Ec_sgrS;187;195;68;76;-4.87
b4179;Ec_sgrS;29;35;63;69;-4.05
b4181;Ec_sgrS;79;86;19;26;-2.65
b4184;Ec_sgrS;292;298;63;69;-5.03
b4186;Ec_sgrS;262;271;24;33;-6.42
b4188;Ec_sgrS;260;277;19;39;-4.36
b4189;Ec_sgrS;280;286;2;8;-4.72
b4191;Ec_sgrS;172;178;101;107;-0.42
b4192;Ec_sgrS;66;105;30;61;-8.92
b4194;Ec_sgrS;45;56;37;47;-5.84
b4196;Ec_sgrS;48;60;55;67;-5.98
b4199;Ec_sgrS;95;101;1;7;-4.74
b4200;Ec_sgrS;8;45;16;46;-2.54
b4203;Ec_sgrS;245;251;71;77;-3.09
b4201;Ec_sgrS;163;169;41;47;-4.35
b4204;Ec_sgrS;64;114;21;73;-7.34
b4207;Ec_sgrS;211;220;22;32;-2.7
b4206;Ec_sgrS;1;7;87;93;-1.62
b4208;Ec_sgrS;85;97;1;14;-9.83
b4209;Ec_sgrS;33;39;10;16;-4.35
b4210;Ec_sgrS;168;174;25;31;-4.52
b4211;Ec_sgrS;79;93;16;29;-4.1
b4214;Ec_sgrS;245;255;38;48;-4.35
b4216;Ec_sgrS;17;31;19;32;-6.25
b4218;Ec_sgrS;143;149;47;53;-6.36
b4217;Ec_sgrS;180;188;54;62;-7.83
b4221;Ec_sgrS;194;200;19;25;-0.35
b4222;Ec_sgrS;245;251;50;56;-7.29
b4226;Ec_sgrS;157;167;51;62;-6.1
b4227;Ec_sgrS;163;174;59;70;-3.72
b4230;Ec_sgrS;98;106;70;78;-3.29
b4485;Ec_sgrS;183;190;63;70;-3.89
b4232;Ec_sgrS;53;79;33;58;-13.67
b4233;Ec_sgrS;28;34;25;31;-4
b4234;Ec_sgrS;88;94;24;30;-4.03
b4236;Ec_sgrS;71;85;1;14;-7.02
b4237;Ec_sgrS;162;168;39;45;-3.03
b4240;Ec_sgrS;60;66;8;14;-7.93
b4239;Ec_sgrS;81;94;2;14;-8.99
b4243;Ec_sgrS;109;135;14;49;-7.8
b4242;Ec_sgrS;175;181;22;28;-0.22
b4245;Ec_sgrS;31;37;86;92;-2.4
b4246;Ec_sgrS;169;175;86;92;-0.83
b4248;Ec_sgrS;103;109;42;48;-0.43
b4251;Ec_sgrS;177;183;25;31;-4.59
b4254;Ec_sgrS;63;84;47;64;-13.45
b4255;Ec_sgrS;105;111;32;38;-4.51
b4256;Ec_sgrS;82;88;56;62;-3.9
b4260;Ec_sgrS;40;46;55;61;-5.5
b4261;Ec_sgrS;92;98;86;92;-0.95
b4262;Ec_sgrS;247;266;40;57;-3.95
b4266;Ec_sgrS;64;79;3;15;-7.09
b4269;Ec_sgrS;128;138;48;58;-9.93
b4268;Ec_sgrS;190;199;67;76;-0.63
b4272;Ec_sgrS;137;147;50;65;-1.08
b4575;Ec_sgrS;97;117;38;62;-6.79
b4277;Ec_sgrS;260;266;24;30;-4
b4279;Ec_sgrS;214;220;87;93;-1.9
b4281;Ec_sgrS;251;258;57;64;-3.72
b4282;Ec_sgrS;42;97;4;56;-7.12
b4623;Ec_sgrS;204;210;101;107;-0.35
b4284;Ec_sgrS;127;135;99;107;-0.88
b4561;Ec_sgrS;269;277;25;33;-5.51
b4286;Ec_sgrS;50;65;35;45;-2.53
b4287;Ec_sgrS;4;15;41;52;-7.65
b4288;Ec_sgrS;206;212;16;22;-0.7
b4290;Ec_sgrS;107;114;37;44;-5.94
b4293;Ec_sgrS;11;65;5;52;-9.15
b4576;Ec_sgrS;138;152;55;69;-6.16
b4294;Ec_sgrS;88;100;39;51;-4.95
b4296;Ec_sgrS;153;161;52;60;-9.71
b4297;Ec_sgrS;237;258;48;73;-7.53
b4298;Ec_sgrS;83;119;17;60;-0.49
b4299;Ec_sgrS;272;280;31;39;-7.01
b4300;Ec_sgrS;115;121;70;76;-2.47
b4302;Ec_sgrS;182;201;22;39;-7.13
b4303;Ec_sgrS;191;248;8;62;-10.49
b4565;Ec_sgrS;95;114;63;75;-1.06
b4305;Ec_sgrS;40;47;24;31;-6.02
b4306;Ec_sgrS;59;66;40;47;-4.99
b4307;Ec_sgrS;202;214;62;74;-4.88
b4566;Ec_sgrS;170;181;42;53;-5.73
b4657;Ec_sgrS;116;135;19;42;-5.18
b4308;Ec_sgrS;245;273;25;48;-8.47
b4309;Ec_sgrS;118;124;49;55;-5.69
b4310;Ec_sgrS;193;204;44;56;-10.44
b4311;Ec_sgrS;68;74;101;107;-0.6
b4313;Ec_sgrS;236;253;37;57;-12.81
b4315;Ec_sgrS;38;47;55;65;-5.23
b4317;Ec_sgrS;53;61;38;46;-7.08
b4322;Ec_sgrS;36;45;19;28;-5.39
b4325;Ec_sgrS;178;185;55;62;-4.56
b4327;Ec_sgrS;18;24;41;47;-3.48
b4330;Ec_sgrS;180;186;101;107;-0.27
b4329;Ec_sgrS;109;115;9;15;-6.79
b4332;Ec_sgrS;207;241;23;57;-7.92
b4333;Ec_sgrS;48;54;71;77;-3.14
b4339;Ec_sgrS;226;236;40;50;-9.86
b4340;Ec_sgrS;36;60;9;33;-8.28
b4341;Ec_sgrS;87;93;39;45;-3.77
b4486;Ec_sgrS;122;128;9;15;-5.14
b4342;Ec_sgrS;205;216;20;34;-3.27
b4346;Ec_sgrS;90;96;25;31;-5.1
b4349;Ec_sgrS;89;110;40;59;-6.07
b4354;Ec_sgrS;61;69;51;59;-8.63
b4357;Ec_sgrS;48;65;43;59;-4.83
b4361;Ec_sgrS;220;226;40;46;-4.29
b4360;Ec_sgrS;97;103;71;77;-4.02
b4359;Ec_sgrS;110;117;17;24;-3.86
b4362;Ec_sgrS;1;8;25;32;-5.9
b4363;Ec_sgrS;1;7;24;30;-4.97
b4365;Ec_sgrS;41;47;45;51;-3.41
b4366;Ec_sgrS;282;297;15;27;-7.03
b4367;Ec_sgrS;35;41;3;9;-6.94
b4371;Ec_sgrS;200;224;33;48;-4.26
b4372;Ec_sgrS;2;9;9;16;-6.7
b4373;Ec_sgrS;68;74;2;8;-5.55
b4378;Ec_sgrS;221;230;3;13;-8.48
b4377;Ec_sgrS;81;87;22;28;-2.54
b4380;Ec_sgrS;223;229;2;8;-5.97
b4381;Ec_sgrS;71;101;25;53;-5.83
b4383;Ec_sgrS;255;261;39;45;-3.82
b4384;Ec_sgrS;211;225;39;52;-8.27
b4385;Ec_sgrS;247;256;16;25;-3.67
b4387;Ec_sgrS;267;300;24;57;-8.35
b4388;Ec_sgrS;50;102;6;56;-4.29
b4390;Ec_sgrS;120;126;39;45;-6.46
b4391;Ec_sgrS;108;114;71;77;-2.81
b4392;Ec_sgrS;179;185;64;70;-1
b4395;Ec_sgrS;143;165;54;76;-9.41
b4394;Ec_sgrS;101;116;1;17;-9.2
b4396;Ec_sgrS;246;252;10;16;-3.29
b4398;Ec_sgrS;79;85;41;47;-3.23
b4399;Ec_sgrS;145;177;45;73;-8.24
b4400;Ec_sgrS;287;293;70;76;-0.5
b4402;Ec_sgrS;166;175;37;46;-3.37
